user_id,user_location,tweet_created_at,tweet_id,
1268924890188517378,Dietro di te....,2021-01-08 10:28:58,1347490473859035136,
132852515,bardolino vr,2021-01-08 10:29:02,1347490488287420416,
291252019,Arezzo,2021-01-08 10:29:07,1347490510324297729,
874358519553806337,Crispano Campania,2021-01-08 10:29:13,1347490534764539904,
1027923207897145344,Lecce Puglia,2021-01-08 10:29:15,1347490545539682304,
1585382150,Milan,2021-01-08 10:29:28,1347490598513741827,
464775207,Giardiniere,2021-01-08 10:29:28,1347490599012884480,
291252019,Arezzo,2021-01-08 10:29:29,1347490601294553090,
522501974,Andria,2021-01-08 10:29:40,1347490650258890758,
1296891548202926080,mavi's heart,2021-01-08 10:29:54,1347490709423726593,
2450265194,Friuli-Venezia Giulia Italia,2021-01-08 10:30:01,1347490734983835649,
908654592375828480,Verona Veneto,2021-01-08 10:30:05,1347490753090637824,
1296891548202926080,mavi's heart,2021-01-08 10:30:12,1347490781788069888,
291252019,Arezzo,2021-01-08 10:30:14,1347490790935769088,
420200819,Bergamo,2021-01-08 10:30:20,1347490816487542784,
1190269940,pap√†,2021-01-08 10:30:22,1347490825136189442,
3176035181,Pergola Marche,2021-01-08 10:30:32,1347490868396236802,
84127234,Napoli,2021-01-08 10:30:37,1347490889556504577,
1296891548202926080,mavi's heart,2021-01-08 10:30:41,1347490903183781888,
291252019,Arezzo,2021-01-08 10:30:43,1347490913363353600,
80672878,Viareggio,2021-01-08 10:30:49,1347490937346396161,
18938993,Cosenza Calabria,2021-01-08 10:30:51,1347490947345444864,
1296891548202926080,mavi's heart,2021-01-08 10:30:54,1347490958993141766,
416607013,pianfei,2021-01-08 10:31:01,1347490986688192513,
173386766,Falconara Marittima,2021-01-08 10:31:01,1347490989942992896,
418796264,a roma ci vivo,2021-01-08 10:31:15,1347491049200119808,
714889234935578624,Genova/Colobraro(Matera) üíû,2021-01-08 10:31:22,1347491075510956032,
1027923207897145344,Lecce Puglia,2021-01-08 10:31:25,1347491090853728257,
1039251322317557761,Roma Lazio,2021-01-08 10:31:36,1347491134596141056,
291252019,Arezzo,2021-01-08 10:31:41,1347491156234530816,
1271545823407616001,Finale Emilia Emilia Romagna,2021-01-08 10:31:50,1347491193765187584,
449589070,Bologna,2021-01-08 10:32:00,1347491237838934016,
2270469961,Marche Italia,2021-01-08 10:32:01,1347491242104516611,
1271545823407616001,Finale Emilia Emilia Romagna,2021-01-08 10:32:16,1347491303987290112,
1027923207897145344,Lecce Puglia,2021-01-08 10:32:21,1347491322622582784,
1039251322317557761,Roma Lazio,2021-01-08 10:32:29,1347491358592933888,
845708698827853826,Roma Lazio,2021-01-08 10:32:33,1347491374761959426,
795909874005766145,Messina Sicilia,2021-01-08 10:32:33,1347491376137707520,
1087715590691794945,Milano Lombardia,2021-01-08 10:32:49,1347491442470617089,
401480923,Casale Monferrato ,2021-01-08 10:32:49,1347491442999095296,
291252019,Arezzo,2021-01-08 10:32:49,1347491443301093376,
1296891548202926080,mavi's heart,2021-01-08 10:32:54,1347491463920300033,
379865125,Genova,2021-01-08 10:32:56,1347491470647959552,
858234700070088705, Alpago Belluno Veneto Italia ,2021-01-08 10:33:01,1347491492827443201,
449589070,Bologna,2021-01-08 10:33:13,1347491543431733249,
386016147,she / her rainbow garden ,2021-01-08 10:33:14,1347491547739254786,
1313143618715217927,somewhere crying in a cool way,2021-01-08 10:33:16,1347491554290761729,
291252019,Arezzo,2021-01-08 10:33:16,1347491555242876928,
1296891548202926080,mavi's heart,2021-01-08 10:33:17,1347491557818163203,
1585382150,Milan,2021-01-08 10:33:31,1347491619617042435,
426053339,Firenze,2021-01-08 10:33:36,1347491640261402625,
1027923207897145344,Lecce Puglia,2021-01-08 10:33:39,1347491651468591104,
2430696135,Roma Lazio,2021-01-08 10:33:43,1347491666912026626,
1343637442851692545,Santa Lucia di Piave (Treviso),2021-01-08 10:33:45,1347491677552971776,
1039251322317557761,Roma Lazio,2021-01-08 10:33:49,1347491691297705988,
73452714,Caserta Italia,2021-01-08 10:33:50,1347491695403937793,
143169845,Tatooine,2021-01-08 10:33:52,1347491706615312387,
709427414917619712,Limbiate Lombardia,2021-01-08 10:34:03,1347491750588411904,
386016147,she / her rainbow garden ,2021-01-08 10:34:15,1347491802551488513,
84127234,Napoli,2021-01-08 10:34:16,1347491806934659072,
73452714,Caserta Italia,2021-01-08 10:34:16,1347491807882584066,
1025787968101990400,Modena Emilia Romagna,2021-01-08 10:34:17,1347491811804274689,
354901851,Udine Friuli-Venezia Giulia,2021-01-08 10:34:27,1347491851683704832,
50594457,N 47¬∞30' 0'' / E 19¬∞3' 0'',2021-01-08 10:34:46,1347491932738613255,
179199123,In giro per l'Italia e non...,2021-01-08 10:35:00,1347491991194628097,
846123636,Roma,2021-01-08 10:35:11,1347492036132417536,
1039251322317557761,Roma Lazio,2021-01-08 10:35:12,1347492043053027329,
2456061215,Reggio di Calabria Calabria,2021-01-08 10:35:13,1347492046874030080,
879276528097427456,Feltre Veneto Italy,2021-01-08 10:35:23,1347492087894319109,
2479620311,Nerviano Lombardia,2021-01-08 10:35:25,1347492096861679616,
92791325,Marche Italia,2021-01-08 10:35:27,1347492105426526208,
449589070,Bologna,2021-01-08 10:35:52,1347492210732916738,
1147782695902224384,Firenze Toscana,2021-01-08 10:36:24,1347492341729402880,
1215418646,Saronno,2021-01-08 10:36:33,1347492381709520896,
1296891548202926080,mavi's heart,2021-01-08 10:36:35,1347492390173614087,
521546777,Novi Ligure Piemonte,2021-01-08 10:36:40,1347492412491493376,
1313143618715217927,somewhere crying in a cool way,2021-01-08 10:36:42,1347492419873492993,
291252019,Arezzo,2021-01-08 10:36:43,1347492421203013633,
1036560565,Treviso,2021-01-08 10:36:48,1347492443055390721,
2385068164,Trieste Friuli-Venezia Giulia,2021-01-08 10:36:53,1347492465121628160,
3151000540,Sussidistan,2021-01-08 10:37:00,1347492492552376320,
165786304,Bologna Emilia Romagna,2021-01-08 10:37:02,1347492500945186820,
1137018801793486848,Campania Italia,2021-01-08 10:37:04,1347492512408231937,
68111194,Ricadi Calabria,2021-01-08 10:37:06,1347492517542039553,
80672878,Viareggio,2021-01-08 10:37:07,1347492522185158656,
1039251322317557761,Roma Lazio,2021-01-08 10:37:09,1347492530691170304,
73452714,Caserta Italia,2021-01-08 10:37:15,1347492556108660739,
83933691,Venezia Veneto,2021-01-08 10:37:42,1347492668549586945,
1149408158,Roma - Perugia,2021-01-08 10:37:43,1347492676128698368,
1181579556,Roma,2021-01-08 10:37:49,1347492701063819265,
4235013983,Roma Lazio,2021-01-08 10:37:56,1347492727198543873,
1296891548202926080,mavi's heart,2021-01-08 10:37:56,1347492729161441283,
195782020,Genova Liguria,2021-01-08 10:37:56,1347492730319069185,
521546777,Novi Ligure Piemonte,2021-01-08 10:37:57,1347492734626574336,
177177898,Allianz Stadium,2021-01-08 10:38:24,1347492848485212160,
1149408158,Roma - Perugia,2021-01-08 10:38:32,1347492880219316224,
25838107,Alessandria Italy ,2021-01-08 10:38:36,1347492898393219072,
2589120385,Winterfel - Kings Landing ,2021-01-08 10:38:48,1347492946153795585,
1147782695902224384,Firenze Toscana,2021-01-08 10:38:52,1347492962247340032,
2164271857,Venezia Veneto,2021-01-08 10:38:54,1347492971755806721,
1462180814,Calcio (Bergamo),2021-01-08 10:38:55,1347492978269556742,
2444235358,Roma,2021-01-08 10:38:59,1347492993993990144,
449589070,Bologna,2021-01-08 10:39:01,1347493000281251842,
2385068164,Trieste Friuli-Venezia Giulia,2021-01-08 10:39:01,1347493002567155712,
798813640459587584,Casavatore Campania,2021-01-08 10:39:06,1347493021542215680,
291252019,Arezzo,2021-01-08 10:39:08,1347493032564838400,
1027923207897145344,Lecce Puglia,2021-01-08 10:39:11,1347493042220105729,
1031476694027255810,Paola Calabria,2021-01-08 10:39:12,1347493047630749701,
143169845,Tatooine,2021-01-08 10:39:21,1347493086230937602,
1313863192565682177,Caserta,2021-01-08 10:39:26,1347493106237714434,
710238049213550593,Mombaldone Piemonte,2021-01-08 10:39:30,1347493122549444608,
904387628191100928,Reggello Toscana,2021-01-08 10:39:32,1347493131990798337,
6495782,Bologna ITALY,2021-01-08 10:39:36,1347493147060948992,
889040042,San Lorenzo al Mare Liguria,2021-01-08 10:39:36,1347493148033998849,
1219844563,San Giorgio a Cremano (Napoli),2021-01-08 10:39:48,1347493200370540545,
1215966345537429505,Sardegna Italia,2021-01-08 10:39:49,1347493204715835394,
291252019,Arezzo,2021-01-08 10:40:01,1347493251532664833,
1296891548202926080,mavi's heart,2021-01-08 10:40:07,1347493280225898498,
1296891548202926080,mavi's heart,2021-01-08 10:40:11,1347493297305100289,
291252019,Arezzo,2021-01-08 10:40:29,1347493369812017153,
8356242,Rome (Italy),2021-01-08 10:40:37,1347493403743965186,
51312569,Asti Piemonte,2021-01-08 10:40:43,1347493428532310022,
2873823887,Informatico,2021-01-08 10:40:50,1347493460320911363,
959192415428120576,Firenze ,2021-01-08 10:40:57,1347493488443723778,
1147782695902224384,Firenze Toscana,2021-01-08 10:41:07,1347493531707994113,
4235013983,Roma Lazio,2021-01-08 10:41:21,1347493588486287361,
2538143400,Roma Lazio,2021-01-08 10:41:23,1347493598191869953,
882541046,siracusa,2021-01-08 10:41:41,1347493672330399745,
1291656504,Cagliari ,2021-01-08 10:41:46,1347493692010070017,
451407524,Napoli,2021-01-08 10:41:57,1347493742010380293,
846123636,Roma,2021-01-08 10:42:12,1347493801787584514,
2385068164,Trieste Friuli-Venezia Giulia,2021-01-08 10:42:27,1347493866220515334,
2408947867,Milano,2021-01-08 10:42:38,1347493912307445762,
1061272664659165185,Portici Campania,2021-01-08 10:42:42,1347493928929521665,
159449874,roma italia,2021-01-08 10:42:44,1347493937905348609,
229366382,padova,2021-01-08 10:42:47,1347493949892657152,
959192415428120576,Firenze ,2021-01-08 10:43:00,1347494006155059201,
2164271857,Venezia Veneto,2021-01-08 10:43:05,1347494023947317248,
429404903,Milano,2021-01-08 10:43:05,1347494026430312448,
421862447,napoli,2021-01-08 10:43:09,1347494043438231552,
1063355172,Europe,2021-01-08 10:43:10,1347494047603167232,
510865159,SCANDICCI,2021-01-08 10:43:22,1347494098270347264,
302529349,Roma,2021-01-08 10:43:26,1347494115064369152,
1160961356989906944,Martina Franca Italia,2021-01-08 10:43:35,1347494151298768898,
179199123,In giro per l'Italia e non...,2021-01-08 10:43:46,1347494197729882113,
978592698,caput mundi,2021-01-08 10:43:48,1347494205724241920,
115167975,Italia Roma,2021-01-08 10:43:49,1347494208555331585,
525651325,Caprino Bergamasco,2021-01-08 10:43:55,1347494236543971328,
266161485,H-land,2021-01-08 10:43:56,1347494237336694785,
30199607,Roma Lazio,2021-01-08 10:44:07,1347494283725557760,
429404903,Milano,2021-01-08 10:44:08,1347494287626412032,
706686206,Roma Lazio,2021-01-08 10:44:10,1347494298980331520,
401480923,Casale Monferrato ,2021-01-08 10:44:15,1347494317271773184,
1039251322317557761,Roma Lazio,2021-01-08 10:44:19,1347494333923143680,
394637026,Taranto,2021-01-08 10:44:21,1347494344618627072,
959192415428120576,Firenze ,2021-01-08 10:44:26,1347494365615239168,
190193577,Turin Italy,2021-01-08 10:44:26,1347494366609334272,
125244868,Somewhere,2021-01-08 10:44:30,1347494379892711424,
2347562993,genova,2021-01-08 10:44:36,1347494407227011072,
4235013983,Roma Lazio,2021-01-08 10:44:38,1347494413346480129,
4149531921,Salerno Campania,2021-01-08 10:44:49,1347494459945201664,
95727438,Cesena Emilia Romagna,2021-01-08 10:44:59,1347494502072770560,
429404903,Milano,2021-01-08 10:45:01,1347494509752561664,
291363076,Roma Lazio,2021-01-08 10:45:06,1347494533756559361,
2351314486,San Severo Puglia,2021-01-08 10:45:07,1347494537271377920,
1664806315,Torino Piemonte,2021-01-08 10:45:10,1347494548562468866,
2880100102,Viareggio Toscana,2021-01-08 10:45:10,1347494548893790208,
758737897,Serramazzoni Emilia Romagna,2021-01-08 10:45:36,1347494659552129025,
510865159,SCANDICCI,2021-01-08 10:45:43,1347494689721651205,
50594457,N 47¬∞30' 0'' / E 19¬∞3' 0'',2021-01-08 10:45:52,1347494726509993984,
502829599,Milano Lombardia,2021-01-08 10:46:15,1347494823683624961,
1065596187477229568,Milano Lombardia,2021-01-08 10:46:25,1347494865656016896,
1039251322317557761,Roma Lazio,2021-01-08 10:46:34,1347494900418437121,
1332704161,Firenze,2021-01-08 10:46:41,1347494932005715969,
720987859583430657,Torino Piemonte  ma Carrarina,2021-01-08 10:46:48,1347494961181302784,
454311330,Udine Friuli-Venezia Giulia,2021-01-08 10:46:55,1347494988523954177,
1039251322317557761,Roma Lazio,2021-01-08 10:46:57,1347494998518935553,
2988335316,Roma Lazio,2021-01-08 10:47:02,1347495018307715073,
882541046,siracusa,2021-01-08 10:47:05,1347495032463482880,
151576329,Napoli,2021-01-08 10:47:09,1347495050574495745,
985455789165998080,Montichiari Lombardia,2021-01-08 10:47:13,1347495066374385665,
494254321,Milano Lombardia,2021-01-08 10:47:14,1347495069255946242,
2842455035,Corso Vercelli 191-Torino,2021-01-08 10:47:30,1347495138239590402,
2456061215,Reggio di Calabria Calabria,2021-01-08 10:47:31,1347495140072566791,
1185820618949844992,Grugliasco Piemonte,2021-01-08 10:47:33,1347495150918971392,
2450265194,Friuli-Venezia Giulia Italia,2021-01-08 10:47:43,1347495189951225856,
291252019,Arezzo,2021-01-08 10:47:58,1347495256053456898,
191600621,Napoli Campania,2021-01-08 10:48:03,1347495273501765632,
1311032619728072704,Montichiari Lombardia,2021-01-08 10:48:04,1347495278476189696,
220761660,Provincia di Cuneo,2021-01-08 10:48:14,1347495320045965315,
75305035,Monza ( MB ) ,2021-01-08 10:48:22,1347495356402184195,
1185820618949844992,Grugliasco Piemonte,2021-01-08 10:48:27,1347495377612763136,
454311330,Udine Friuli-Venezia Giulia,2021-01-08 10:48:30,1347495387783950338,
165786304,Bologna Emilia Romagna,2021-01-08 10:48:30,1347495389600079873,
220761660,Provincia di Cuneo,2021-01-08 10:48:36,1347495412383567873,
291252019,Arezzo,2021-01-08 10:48:39,1347495426010853376,
1039251322317557761,Roma Lazio,2021-01-08 10:48:39,1347495426132475905,
791585557713395712,Lecce Perugia Pavia. ,2021-01-08 10:48:43,1347495442062450695,
108031815,44.12696912.386444,2021-01-08 10:48:51,1347495478041128960,
3221492745,Napoli Campania,2021-01-08 10:48:53,1347495486933053442,
4149531921,Salerno Campania,2021-01-08 10:48:56,1347495499453116422,
2855513482,Roma Lazio,2021-01-08 10:48:59,1347495511247499266,
2510507509,San Daniele del Friuli,2021-01-08 10:48:59,1347495511994085378,
1227985470258372609,Milano,2021-01-08 10:49:06,1347495537378021378,
291252019,Arezzo,2021-01-08 10:49:23,1347495609280958464,
496426026,Marzano Lombardia,2021-01-08 10:49:24,1347495613508812800,
1036560565,Treviso,2021-01-08 10:49:27,1347495628516024321,
882541046,siracusa,2021-01-08 10:49:30,1347495640054583298,
1157709835993059335,Colle Brianza Lombardia,2021-01-08 10:49:31,1347495642172698626,
978592698,caput mundi,2021-01-08 10:49:33,1347495650548736001,
84127234,Napoli,2021-01-08 10:49:42,1347495688813338624,
291252019,Arezzo,2021-01-08 10:49:48,1347495717015846917,
4149531921,Salerno Campania,2021-01-08 10:49:51,1347495726826352640,
410235030,TRECASE (NA),2021-01-08 10:49:54,1347495739845451778,
35819412,Milan Italy,2021-01-08 10:50:05,1347495787345956864,
1313021474245160961,Alghero Sardegna,2021-01-08 10:50:05,1347495788415479809,
1291656504,Cagliari ,2021-01-08 10:50:08,1347495797856870401,
401300296,Bentivoglio,2021-01-08 10:50:13,1347495821286191106,
601649957,Roma Lazio,2021-01-08 10:50:26,1347495874918756352,
388868024,Testa a N. Gambe 10¬∞ a SE.,2021-01-08 10:50:51,1347495981026316288,
291252019,Arezzo,2021-01-08 10:51:02,1347496025259438081,
1296891548202926080,mavi's heart,2021-01-08 10:51:07,1347496048864997376,
1039251322317557761,Roma Lazio,2021-01-08 10:51:10,1347496058306359297,
496062565,Florence Tuscany,2021-01-08 10:51:16,1347496084373987330,
220761660,Provincia di Cuneo,2021-01-08 10:51:21,1347496104355647494,
2472900764,Milano,2021-01-08 10:51:22,1347496109921480705,
291252019,Arezzo,2021-01-08 10:51:24,1347496118691704834,
2981466358,Forl√¨ Emilia Romagna,2021-01-08 10:51:25,1347496121183178753,
3221492745,Napoli Campania,2021-01-08 10:51:26,1347496124681170944,
1408124510,Palabasket Italia,2021-01-08 10:51:35,1347496162660671488,
978592698,caput mundi,2021-01-08 10:51:47,1347496215781453824,
388868024,Testa a N. Gambe 10¬∞ a SE.,2021-01-08 10:51:50,1347496227617853441,
453258703,Ozzano Monferrato Piemonte,2021-01-08 10:51:52,1347496235054354432,
240346934,Milano Lombardia,2021-01-08 10:52:01,1347496271435747329,
415435607,Marche - SunBeach,2021-01-08 10:52:03,1347496280046632960,
856483633087074304,Sassuolo Emilia Romagna,2021-01-08 10:52:06,1347496293019607041,
1107438535,varano borghi,2021-01-08 10:52:07,1347496300225425408,
2510507509,San Daniele del Friuli,2021-01-08 10:52:30,1347496396254040064,
191600621,Napoli Campania,2021-01-08 10:52:42,1347496443519631361,
1073355817,Roma,2021-01-08 10:52:42,1347496445465808899,
2525213951,Brescia Lombardia,2021-01-08 10:52:42,1347496446304595968,
291252019,Arezzo,2021-01-08 10:52:47,1347496468077309954,
415435607,Marche - SunBeach,2021-01-08 10:52:52,1347496487043928064,
240229400,Italy limidi (mo) 059561071,2021-01-08 10:52:55,1347496498481811457,
1376591036,Roma,2021-01-08 10:52:59,1347496518211825665,
1076681354,Cornuda Treviso,2021-01-08 10:53:00,1347496519302225922,
291252019,Arezzo,2021-01-08 10:53:13,1347496574147059712,
220761660,Provincia di Cuneo,2021-01-08 10:53:18,1347496597593194496,
758737897,Serramazzoni Emilia Romagna,2021-01-08 10:53:27,1347496634255552512,
291252019,Arezzo,2021-01-08 10:53:27,1347496636151427072,
1281577073291800577,caratteri un riposiziono mente,2021-01-08 10:53:37,1347496676735528961,
1937704218,Cortina D'Ampezzo,2021-01-08 10:53:46,1347496713511165954,
1039251322317557761,Roma Lazio,2021-01-08 10:53:55,1347496750043557891,
461058052,roma,2021-01-08 10:53:57,1347496759577206785,
2838552395,Roma Lazio,2021-01-08 10:54:00,1347496771723923457,
286264255,Roma,2021-01-08 10:54:15,1347496834051280898,
1107438535,varano borghi,2021-01-08 10:54:26,1347496880473780224,
708320269522362370,Biella,2021-01-08 10:54:31,1347496903269879810,
1215570079125069824,Udine,2021-01-08 10:54:41,1347496945846280193,
966971480369180672,Marta Lazio,2021-01-08 10:54:42,1347496947465261057,
2657512986,Roma,2021-01-08 10:54:42,1347496947301703681,
1135456747328552960,Viareggio Toscana,2021-01-08 10:54:53,1347496995720728577,
1366810741,Lombardia Italia,2021-01-08 10:54:56,1347497005753524225,
1036560565,Treviso,2021-01-08 10:55:05,1347497043984580610,
291252019,Arezzo,2021-01-08 10:55:13,1347497078864433152,
308760086,Cernusco Lombardone (Lecco),2021-01-08 10:55:19,1347497105103978498,
848175048645017601,Porto Tolle Veneto,2021-01-08 10:55:21,1347497114159505409,
275720408,Rome Italy.,2021-01-08 10:55:24,1347497126507503618,
254200028,Roma,2021-01-08 10:55:34,1347497168249221122,
291252019,Arezzo,2021-01-08 10:55:35,1347497169473957889,
395216717,Milano Porta Venezia ,2021-01-08 10:55:38,1347497185458458625,
866018219680833536,Asti Piemonte,2021-01-08 10:55:44,1347497209223376897,
2871128064,Roma Lazio,2021-01-08 10:55:45,1347497214264958976,
1215570079125069824,Udine,2021-01-08 10:56:02,1347497285631025154,
220761660,Provincia di Cuneo,2021-01-08 10:56:08,1347497310062866432,
177177898,Allianz Stadium,2021-01-08 10:56:11,1347497321739771904,
84127234,Napoli,2021-01-08 10:56:17,1347497346721083392,
291252019,Arezzo,2021-01-08 10:56:22,1347497370020417537,
376298468,Bologna. Per sempre Bologna.,2021-01-08 10:56:28,1347497394045386753,
1511259956,Catania,2021-01-08 10:56:29,1347497396293529600,
5869132,Spilimbergo Friuli-Venezia Giulia,2021-01-08 10:56:35,1347497422772174853,
1151349938,Lecco,2021-01-08 10:56:36,1347497425016074241,
858014419,Lodi Lombardia,2021-01-08 10:56:39,1347497441206161410,
2978045093,Roma Lazio,2021-01-08 10:57:02,1347497535976431616,
2764741475,Roma Lazio,2021-01-08 10:57:06,1347497552413908993,
1511259956,Catania,2021-01-08 10:57:12,1347497579630755840,
220761660,Provincia di Cuneo,2021-01-08 10:57:18,1347497603701870594,
583022423,varese,2021-01-08 10:57:28,1347497643300302851,
329166379,Roma,2021-01-08 10:57:36,1347497676854743041,
866018219680833536,Asti Piemonte,2021-01-08 10:57:41,1347497699147440128,
376069634,Roma,2021-01-08 10:57:50,1347497738410274816,
304598010,Prato Toscana,2021-01-08 10:57:53,1347497751416889345,
2982641339,Spoleto ,2021-01-08 10:58:07,1347497809579282433,
2787510191,Puglia Italia,2021-01-08 10:58:07,1347497809340231680,
17273303,Rome - Italy,2021-01-08 10:58:11,1347497823672164352,
2871128064,Roma Lazio,2021-01-08 10:58:22,1347497871172661250,
566547722,Reggio di Calabria Calabria,2021-01-08 10:58:24,1347497881733918722,
25172369,Rome,2021-01-08 10:58:30,1347497906543206400,
1449218065,Toscana,2021-01-08 10:58:32,1347497913321021440,
866018219680833536,Asti Piemonte,2021-01-08 10:58:35,1347497924415156224,
440128266,Milano,2021-01-08 10:58:39,1347497940873572359,
1079478389193539585,Trento Trentino-Alto Adige,2021-01-08 10:58:43,1347497960364507138,
824801592,Dove c‚Äô√® sempre il sole,2021-01-08 10:58:51,1347497994522865667,
16273541,gramar nazi istant blok,2021-01-08 10:58:52,1347497995751845889,
538926185,Conversano Puglia,2021-01-08 10:58:52,1347497997245014017,
1139523013454585863,Basilicata Italia,2021-01-08 10:58:52,1347497998486540290,
511569049,Sardegna,2021-01-08 10:58:57,1347498017713246208,
2709802341,Naples/Italy,2021-01-08 10:59:01,1347498033152405504,
124559840,Madrid/Milano,2021-01-08 10:59:04,1347498049300553728,
291363076,Roma Lazio,2021-01-08 10:59:10,1347498074009186305,
2827621811,Roma Italia,2021-01-08 10:59:19,1347498110877118464,
980898720333123584,Roma Lazio,2021-01-08 10:59:20,1347498116279369729,
400054841,Genova,2021-01-08 10:59:22,1347498124424736768,
1252905490952183808,Cagliari Sardinia,2021-01-08 10:59:30,1347498157501009920,
1087715590691794945,Milano Lombardia,2021-01-08 10:59:33,1347498167806423040,
84127234,Napoli,2021-01-08 10:59:33,1347498170054549505,
702614277472034818,Roma Lazio,2021-01-08 10:59:39,1347498193206996992,
429404903,Milano,2021-01-08 10:59:44,1347498215982194688,
49150425,Sicilia,2021-01-08 10:59:52,1347498248412520448,
1139523013454585863,Basilicata Italia,2021-01-08 10:59:58,1347498274740166656,
717404441289355267,Ravello,2021-01-08 11:00:13,1347498336547467265,
2259489036,San Giovanni Lupatoto (Verona),2021-01-08 11:00:28,1347498398681886733,
1127111305444376581,Bologna Emilia Romagna,2021-01-08 11:00:28,1347498400275685377,
992283257692540929,Cerignola Puglia,2021-01-08 11:00:35,1347498427752607744,
492368497,Rimini Emilia Romagna,2021-01-08 11:00:43,1347498460862287876,
2709802341,Naples/Italy,2021-01-08 11:00:43,1347498463811031043,
16554918,eeeverywheeere,2021-01-08 11:00:49,1347498486091157506,
1079478389193539585,Trento Trentino-Alto Adige,2021-01-08 11:01:05,1347498553002876931,
882541046,siracusa,2021-01-08 11:01:06,1347498559873167360,
3008542859,Lombardia Italia,2021-01-08 11:01:09,1347498573106192384,
32910656,Frankfurt Am Main,2021-01-08 11:01:18,1347498610288709632,
866018219680833536,Asti Piemonte,2021-01-08 11:01:19,1347498611949641728,
1036560565,Treviso,2021-01-08 11:01:24,1347498636285005824,
2485632127,ex avvocato,2021-01-08 11:01:25,1347498639145504768,
469520961,casatenovo,2021-01-08 11:01:26,1347498644732338177,
1079478389193539585,Trento Trentino-Alto Adige,2021-01-08 11:01:31,1347498662113509376,
385523327,Roma,2021-01-08 11:01:42,1347498711870558208,
1374434772,Suzzara (MN),2021-01-08 11:01:46,1347498728010166272,
914008994158702592,Liguria Italy,2021-01-08 11:01:48,1347498734645620737,
1127111305444376581,Bologna Emilia Romagna,2021-01-08 11:01:48,1347498737439006720,
1607895084,Teolo Via Euganea Bresseo 8b,2021-01-08 11:01:53,1347498758217621507,
1233095010201096198,Napoli Campania,2021-01-08 11:01:54,1347498760117620737,
2868975208,Calabria,2021-01-08 11:02:06,1347498809052565505,
1327859619105005574,Roma Lazio,2021-01-08 11:02:07,1347498816459698183,
222215663,England United Kingdom,2021-01-08 11:02:11,1347498832775548928,
1013481258,regno delle due sicilie,2021-01-08 11:02:39,1347498950832619521,
1127111305444376581,Bologna Emilia Romagna,2021-01-08 11:02:59,1347499034173440000,
914008994158702592,Liguria Italy,2021-01-08 11:03:01,1347499039676313606,
316578097,Pesaro Marche,2021-01-08 11:03:01,1347499042876616704,
2953690786,Riva del Garda Trentino-Alto ,2021-01-08 11:03:07,1347499068130529280,
338553202,Francavilla al Mare Abruzzo,2021-01-08 11:03:19,1347499116247408641,
2297476732,Gemona del Friuli Friuli-Venezia Giulia,2021-01-08 11:03:26,1347499146433998848,
813070814975291392,Merano,2021-01-08 11:03:30,1347499162955345921,
2435499830,Sora Lazio,2021-01-08 11:03:33,1347499174821040128,
1127111305444376581,Bologna Emilia Romagna,2021-01-08 11:03:33,1347499176716857344,
911363617290964992,Fiastra Marche,2021-01-08 11:03:38,1347499196509786112,
3221492745,Napoli Campania,2021-01-08 11:03:54,1347499264495267840,
16273541,gramar nazi istant blok,2021-01-08 11:03:54,1347499264822235138,
1139234196,Cavallino-Treporti Venice,2021-01-08 11:04:02,1347499296007073799,
1139523013454585863,Basilicata Italia,2021-01-08 11:04:04,1347499304286609409,
466889602,milano italia,2021-01-08 11:04:12,1347499337836802048,
1013481258,regno delle due sicilie,2021-01-08 11:04:12,1347499340294742016,
385617537,Roma,2021-01-08 11:04:31,1347499420573700096,
499917668,Catania,2021-01-08 11:04:42,1347499465591185408,
762335503,Villamagna Abruzzo,2021-01-08 11:04:43,1347499470108434433,
464634429,Ljubljana,2021-01-08 11:04:44,1347499472096538624,
512049031,Prato,2021-01-08 11:04:45,1347499478325088258,
978592698,caput mundi,2021-01-08 11:04:48,1347499491256127489,
1118119168975544321,Genova Liguria,2021-01-08 11:05:11,1347499585967714304,
1114473051498995713,Palmanova,2021-01-08 11:05:18,1347499616087011328,
990682830,London New York San Gines,2021-01-08 11:05:26,1347499648508956672,
173386766,Falconara Marittima,2021-01-08 11:05:28,1347499657753190406,
238349229,Verona,2021-01-08 11:05:28,1347499658256510976,
284158226,Palermo Sicilia,2021-01-08 11:05:35,1347499687893479424,
3238942845,Milano Lombardia,2021-01-08 11:05:43,1347499722697748481,
1127111305444376581,Bologna Emilia Romagna,2021-01-08 11:05:47,1347499737084211202,
1118119168975544321,Genova Liguria,2021-01-08 11:05:48,1347499740590731265,
984225106087104512,Palazzolo dello Stella,2021-01-08 11:05:51,1347499752557051904,
1139267454,Cavallino-Treporti Venice,2021-01-08 11:05:57,1347499781590044675,
1296891548202926080,mavi's heart,2021-01-08 11:06:15,1347499856861032449,
1074732724949262336,Perugia Umbria,2021-01-08 11:06:29,1347499912125173762,
2474377014,Lauria Basilicata,2021-01-08 11:06:29,1347499915149242374,
984225106087104512,Palazzolo dello Stella,2021-01-08 11:06:31,1347499922531246080,
406988536,Reggio di Calabria Calabria,2021-01-08 11:06:33,1347499929506349057,
1087715590691794945,Milano Lombardia,2021-01-08 11:06:35,1347499940046659584,
1127111305444376581,Bologna Emilia Romagna,2021-01-08 11:06:37,1347499947554430977,
1016293392811266048,Piombino Toscana,2021-01-08 11:06:39,1347499957188751361,
3344651409,Roma ,2021-01-08 11:06:46,1347499984061681664,
115167975,Italia Roma,2021-01-08 11:06:49,1347499999161167873,
1118119168975544321,Genova Liguria,2021-01-08 11:06:50,1347500001371545600,
1039251322317557761,Roma Lazio,2021-01-08 11:06:54,1347500018463371264,
403898809,Roma,2021-01-08 11:07:01,1347500047030738945,
1004437815181168640,Forl√¨ Emilia Romagna,2021-01-08 11:07:14,1347500101196001285,
291252019,Arezzo,2021-01-08 11:07:17,1347500113648889857,
2538143400,Roma Lazio,2021-01-08 11:07:23,1347500140588916736,
291252019,Arezzo,2021-01-08 11:07:28,1347500162969698304,
210404013,Sassari Sardinia Italy,2021-01-08 11:07:34,1347500186885632007,
990682830,London New York San Gines,2021-01-08 11:07:41,1347500216073728003,
469174964,Bergamo Lombardia,2021-01-08 11:07:45,1347500231840198656,
1151349938,Lecco,2021-01-08 11:07:49,1347500249275891717,
291252019,Arezzo,2021-01-08 11:07:50,1347500255806435328,
931553746106109952,Cefal√π Sicilia,2021-01-08 11:07:52,1347500263041503232,
3397438156,Rome Lazio,2021-01-08 11:08:07,1347500326434328577,
1269389234,Treviso Veneto,2021-01-08 11:08:18,1347500372160606208,
1281577073291800577,caratteri un riposiziono mente,2021-01-08 11:08:22,1347500389688610821,
291252019,Arezzo,2021-01-08 11:08:28,1347500412115562498,
1016236811667075073,Roma UE,2021-01-08 11:08:37,1347500448857649154,
3633652222,Mantova ,2021-01-08 11:08:37,1347500450661212161,
210404013,Sassari Sardinia Italy,2021-01-08 11:08:41,1347500469594312704,
1296891548202926080,mavi's heart,2021-01-08 11:08:49,1347500499831037955,
1016293392811266048,Piombino Toscana,2021-01-08 11:08:51,1347500510585253888,
2959099228,Piacenza Emilia Romagna,2021-01-08 11:08:53,1347500518684450822,
380061013,UK - Italy,2021-01-08 11:09:00,1347500546622541826,
64466558,Lombardia Italia,2021-01-08 11:09:00,1347500548375904259,
2435499830,Sora Lazio,2021-01-08 11:09:05,1347500568189825031,
115167975,Italia Roma,2021-01-08 11:09:05,1347500569892708353,
1151349938,Lecco,2021-01-08 11:09:09,1347500585851957249,
1296891548202926080,mavi's heart,2021-01-08 11:09:15,1347500609545580544,
868794661913100288,Bologna Emilia Romagna,2021-01-08 11:09:26,1347500656173740034,
291363076,Roma Lazio,2021-01-08 11:09:31,1347500675442343936,
469174964,Bergamo Lombardia,2021-01-08 11:09:31,1347500677195583490,
956491339390177280,Umbria Italia,2021-01-08 11:09:50,1347500757541670914,
1419936691,Veronella Veneto,2021-01-08 11:09:54,1347500772473376775,
1027963549191221248,Miami FL,2021-01-08 11:09:54,1347500773526142976,
990682830,London New York San Gines,2021-01-08 11:09:55,1347500778198605825,
1336453668313440257,Genova Liguria,2021-01-08 11:10:03,1347500809869733888,
2485632127,ex avvocato,2021-01-08 11:10:11,1347500844573483009,
1464197947,Milano Lombardia,2021-01-08 11:10:13,1347500853754802178,
990682830,London New York San Gines,2021-01-08 11:10:21,1347500886881411072,
809004555769933824,Africo RC Calabria,2021-01-08 11:10:34,1347500941893914625,
1077530265952620544,Pisa Toscana,2021-01-08 11:10:37,1347500953407254528,
1151349938,Lecco,2021-01-08 11:10:43,1347500977889411072,
2538143400,Roma Lazio,2021-01-08 11:10:45,1347500985971826689,
3044013608,Sicilia Italia,2021-01-08 11:10:56,1347501035212910594,
497289951,Reggio Emilia,2021-01-08 11:11:02,1347501058621378562,
1328588351608410112,Agrigento Sicilia,2021-01-08 11:11:08,1347501085351673857,
280479359,Napoli Campania,2021-01-08 11:11:16,1347501116372742146,
6419742,Milan Italy / Or elsewhere.,2021-01-08 11:11:17,1347501121770819584,
904387628191100928,Reggello Toscana,2021-01-08 11:11:19,1347501131124121600,
2485632127,ex avvocato,2021-01-08 11:11:27,1347501163474788352,
64466558,Lombardia Italia,2021-01-08 11:11:37,1347501206399283203,
368486972,messina,2021-01-08 11:11:45,1347501239848853504,
2875441104,Parma Emilia Romagna,2021-01-08 11:11:52,1347501270710575104,
291252019,Arezzo,2021-01-08 11:11:54,1347501276393824256,
1336453668313440257,Genova Liguria,2021-01-08 11:12:01,1347501307180023808,
291252019,Arezzo,2021-01-08 11:12:15,1347501367053742080,
1281577073291800577,caratteri un riposiziono mente,2021-01-08 11:12:20,1347501387106672641,
791585557713395712,Lecce Perugia Pavia. ,2021-01-08 11:12:28,1347501419675475968,
2435499830,Sora Lazio,2021-01-08 11:12:36,1347501454169411584,
243563921,Padova,2021-01-08 11:12:37,1347501459148058624,
20437369,Rome IT,2021-01-08 11:12:48,1347501504228454400,
1121300097982193669,Lograto Lombardia,2021-01-08 11:13:02,1347501561468092416,
1296891548202926080,mavi's heart,2021-01-08 11:13:08,1347501587812515841,
165786304,Bologna Emilia Romagna,2021-01-08 11:13:11,1347501600781295618,
4249515683,Rivoli Piemonte,2021-01-08 11:13:17,1347501625355722755,
1336364804970336256,Roma‚ù§üíõ,2021-01-08 11:13:28,1347501669794377730,
64466558,Lombardia Italia,2021-01-08 11:13:43,1347501735418470403,
243563921,Padova,2021-01-08 11:13:53,1347501776233246724,
1159749098318237696,Firenze Toscana,2021-01-08 11:13:55,1347501785485869057,
115167975,Italia Roma,2021-01-08 11:13:56,1347501789873106945,
495731957,[Da Livorno a] Carbonera (TV),2021-01-08 11:14:07,1347501835406475264,
368486972,messina,2021-01-08 11:14:09,1347501843287580672,
1296891548202926080,mavi's heart,2021-01-08 11:14:13,1347501860643606530,
274023992,Firenze,2021-01-08 11:14:16,1347501871859163136,
5869132,Spilimbergo Friuli-Venezia Giulia,2021-01-08 11:14:32,1347501941304283138,
1326880621,Lombardia Italia,2021-01-08 11:14:39,1347501970463088642,
1151349938,Lecco,2021-01-08 11:14:47,1347502002054508545,
1132977851085533184,Roma Lazio,2021-01-08 11:14:51,1347502021616787456,
64466558,Lombardia Italia,2021-01-08 11:15:06,1347502081725378567,
274023992,Firenze,2021-01-08 11:15:18,1347502131000061953,
1301447495814438912,Torino,2021-01-08 11:15:20,1347502143092256774,
490367299,Napoli - Milano - Roma,2021-01-08 11:15:22,1347502150713270275,
524568275,Pistoia,2021-01-08 11:15:36,1347502209303515136,
216415724,Campania Italia,2021-01-08 11:15:37,1347502213543976963,
160508942,Fondatore,2021-01-08 11:15:43,1347502238038716416,
919830836253483008,Licciana Nardi Toscana,2021-01-08 11:15:51,1347502273312796672,
2279917865,torino,2021-01-08 11:15:52,1347502275409948672,
165541998,Paris/Rome,2021-01-08 11:15:58,1347502299292315650,
288975287,Per.Ind. Libero Professionista,2021-01-08 11:16:05,1347502330187538432,
6788812,Lombardia Italia,2021-01-08 11:16:12,1347502361066037249,
740845444272664577,Carovigno Puglia,2021-01-08 11:16:15,1347502372222857216,
210404013,Sassari Sardinia Italy,2021-01-08 11:16:18,1347502382536679424,
191600621,Napoli Campania,2021-01-08 11:16:19,1347502388266102784,
435601309,ROMA ,2021-01-08 11:16:32,1347502442045386757,
441648371,TARANTO,2021-01-08 11:16:36,1347502461653835777,
994611643932905472,Lombardia Italia,2021-01-08 11:16:39,1347502471543980032,
4126616836,Val di Zoldo - Dolomiti,2021-01-08 11:16:43,1347502487989846016,
990682830,London New York San Gines,2021-01-08 11:17:06,1347502583875776513,
1077607971931209729,Viterbo Lazio,2021-01-08 11:17:06,1347502585540964353,
424430481,S√©iseua Zena,2021-01-08 11:17:06,1347502587654893569,
1419936691,Veronella Veneto,2021-01-08 11:17:07,1347502587910750208,
2435499830,Sora Lazio,2021-01-08 11:17:17,1347502633775411201,
1151349938,Lecco,2021-01-08 11:17:18,1347502634576588802,
239137248,Bologna,2021-01-08 11:17:19,1347502641924943877,
372829478,Torino Piemonte,2021-01-08 11:17:24,1347502662414200832,
449589070,Bologna,2021-01-08 11:17:27,1347502675835953153,
325771154,Firenze,2021-01-08 11:17:32,1347502695205265408,
95979720,Narnia,2021-01-08 11:17:33,1347502699332435970,
291252019,Arezzo,2021-01-08 11:17:34,1347502703161856000,
990682830,London New York San Gines,2021-01-08 11:17:38,1347502719033085953,
562668352,Milano,2021-01-08 11:17:44,1347502746140889089,
1039251322317557761,Roma Lazio,2021-01-08 11:17:49,1347502767015866368,
963221024,Milano-Sondrio,2021-01-08 11:17:52,1347502777698824193,
372829478,Torino Piemonte,2021-01-08 11:18:08,1347502845835304961,
28759094,Milano Lombardia,2021-01-08 11:18:09,1347502850658729984,
1132977851085533184,Roma Lazio,2021-01-08 11:18:10,1347502853296947201,
519676387,Venezia Italia,2021-01-08 11:18:26,1347502921949143042,
291252019,Arezzo,2021-01-08 11:18:31,1347502944229486592,
135486902,Venice ,2021-01-08 11:18:38,1347502973765693440,
233121956,Roma,2021-01-08 11:18:40,1347502978903781377,
1016293392811266048,Piombino Toscana,2021-01-08 11:18:42,1347502986570948609,
291252019,Arezzo,2021-01-08 11:18:43,1347502993894223872,
3407778017,Roma Lazio,2021-01-08 11:18:48,1347503014228144128,
80261706,Donnas Valle d'Aosta Italia,2021-01-08 11:18:49,1347503017118064645,
434780087,Bologna Emilia Romagna,2021-01-08 11:18:55,1347503042728501248,
304598010,Prato Toscana,2021-01-08 11:19:00,1347503064991866880,
583022423,varese,2021-01-08 11:19:02,1347503074219327488,
449589070,Bologna,2021-01-08 11:19:03,1347503076480049154,
3300299458,Italia - Stati Uniti - UAE,2021-01-08 11:19:29,1347503185007702016,
366175274,Napoli Campania,2021-01-08 11:19:30,1347503188593831941,
1374434772,Suzzara (MN),2021-01-08 11:19:34,1347503207996600321,
5869132,Spilimbergo Friuli-Venezia Giulia,2021-01-08 11:19:38,1347503223813382145,
1132977851085533184,Roma Lazio,2021-01-08 11:19:45,1347503252787638272,
820742509102071809,venice,2021-01-08 11:19:47,1347503261885071360,
539121053,Pomigliano d'Arco Campania,2021-01-08 11:19:48,1347503267333328897,
395216717,Milano Porta Venezia ,2021-01-08 11:20:12,1347503367782866945,
291252019,Arezzo,2021-01-08 11:20:14,1347503373046718466,
963221024,Milano-Sondrio,2021-01-08 11:20:14,1347503374065872897,
130849974,Imperia Italy,2021-01-08 11:20:20,1347503399194025984,
710071615489482752,Napoli Campania,2021-01-08 11:20:32,1347503448611299329,
1185820618949844992,Grugliasco Piemonte,2021-01-08 11:20:43,1347503496086622208,
487064233,ko 8,2021-01-08 11:20:46,1347503510049447937,
491330943,Roma - Nuovo Salario,2021-01-08 11:20:50,1347503525144756224,
1172244842,Milano,2021-01-08 11:21:04,1347503585387491329,
403405684,Como Italy,2021-01-08 11:21:05,1347503586201243649,
429131555,Torino Piemonte,2021-01-08 11:21:07,1347503595273519104,
291252019,Arezzo,2021-01-08 11:21:08,1347503600105357312,
990682830,London New York San Gines,2021-01-08 11:21:14,1347503626403647488,
990682830,London New York San Gines,2021-01-08 11:21:15,1347503628806975488,
990682830,London New York San Gines,2021-01-08 11:21:16,1347503632489582593,
876095223864209409,Roma Lazio,2021-01-08 11:21:16,1347503634184077315,
1336453668313440257,Genova Liguria,2021-01-08 11:21:19,1347503646188122112,
210404013,Sassari Sardinia Italy,2021-01-08 11:21:20,1347503649623302144,
17774275,Genova Italia,2021-01-08 11:21:31,1347503697404813314,
2657512986,Roma,2021-01-08 11:21:32,1347503700038852608,
291252019,Arezzo,2021-01-08 11:21:36,1347503716967067649,
441648371,TARANTO,2021-01-08 11:21:36,1347503720012111872,
820742509102071809,venice,2021-01-08 11:21:38,1347503727922585600,
2354588041,Roma,2021-01-08 11:21:43,1347503746121609219,
1132977851085533184,Roma Lazio,2021-01-08 11:21:50,1347503775716683782,
366175274,Napoli Campania,2021-01-08 11:21:51,1347503780137467905,
1216148624243118080,Napoli Campania,2021-01-08 11:21:52,1347503785434820608,
221472860,Milano,2021-01-08 11:21:55,1347503798814703623,
122307336,Ecuador,2021-01-08 11:21:58,1347503809417736193,
990682830,London New York San Gines,2021-01-08 11:21:58,1347503809971552256,
868794661913100288,Bologna Emilia Romagna,2021-01-08 11:22:06,1347503842330636288,
48461963,Venezia Veneto,2021-01-08 11:22:06,1347503842548707328,
1336364804970336256,Roma‚ù§üíõ,2021-01-08 11:22:08,1347503851805564929,
995840042,Grosseto,2021-01-08 11:22:08,1347503851839107072,
220761660,Provincia di Cuneo,2021-01-08 11:22:11,1347503865223114754,
2384586935,verona,2021-01-08 11:22:11,1347503867081199616,
1026026385540874240,Milano Lombardia,2021-01-08 11:22:16,1347503884852469761,
446506997,Vigevano ,2021-01-08 11:22:22,1347503909665959937,
291252019,Arezzo,2021-01-08 11:22:32,1347503953056043010,
366175274,Napoli Campania,2021-01-08 11:22:44,1347504004209766400,
1585382150,Milan,2021-01-08 11:22:49,1347504024451485696,
291252019,Arezzo,2021-01-08 11:23:03,1347504081821171712,
593849983,Guastalla (RE),2021-01-08 11:23:11,1347504117346951169,
220761660,Provincia di Cuneo,2021-01-08 11:23:15,1347504131527876608,
366175274,Napoli Campania,2021-01-08 11:23:18,1347504146526699521,
441591652,BRESCIA Via S.G. Bosco 15,2021-01-08 11:23:25,1347504176289378306,
2538143400,Roma Lazio,2021-01-08 11:23:29,1347504190650769408,
487064233,ko 8,2021-01-08 11:23:39,1347504233109721089,
1016293392811266048,Piombino Toscana,2021-01-08 11:23:43,1347504252638420992,
868794661913100288,Bologna Emilia Romagna,2021-01-08 11:23:46,1347504263015096320,
177497774,Padova Veneto,2021-01-08 11:23:55,1347504299409088518,
1132977851085533184,Roma Lazio,2021-01-08 11:23:56,1347504303443947520,
372829478,Torino Piemonte,2021-01-08 11:23:59,1347504318904209409,
1640940223,Bologna,2021-01-08 11:24:00,1347504324109344768,
1027923207897145344,Lecce Puglia,2021-01-08 11:24:04,1347504339586265088,
291252019,Arezzo,2021-01-08 11:24:07,1347504352945123328,
1002769382,Via La Spezia 29 Torvaianica,2021-01-08 11:24:11,1347504367398748162,
495072533,Mirandola Emilia Romagna,2021-01-08 11:24:12,1347504374638137344,
2354588041,Roma,2021-01-08 11:24:13,1347504376479412224,
487064233,ko 8,2021-01-08 11:24:17,1347504391851544576,
48461963,Venezia Veneto,2021-01-08 11:24:23,1347504419374575616,
366175274,Napoli Campania,2021-01-08 11:24:34,1347504464408797184,
1275077719,Verona Veneto,2021-01-08 11:24:37,1347504477780267009,
990682830,London New York San Gines,2021-01-08 11:24:38,1347504481089556482,
210404013,Sassari Sardinia Italy,2021-01-08 11:24:42,1347504497321455617,
380865929,Treviso,2021-01-08 11:24:48,1347504524496408577,
91541686,Roma Lazio,2021-01-08 11:24:49,1347504527650525184,
495731957,[Da Livorno a] Carbonera (TV),2021-01-08 11:24:54,1347504550702444547,
868794661913100288,Bologna Emilia Romagna,2021-01-08 11:24:58,1347504566988922881,
843476227,Vicenza Italy,2021-01-08 11:24:59,1347504568435937282,
431027401,TrentoItaly,2021-01-08 11:25:06,1347504597003329536,
376298468,Bologna. Per sempre Bologna.,2021-01-08 11:25:08,1347504607069691907,
1151349938,Lecco,2021-01-08 11:25:08,1347504607262601221,
1328588351608410112,Agrigento Sicilia,2021-01-08 11:25:18,1347504647867670528,
2485632127,ex avvocato,2021-01-08 11:25:35,1347504720080986112,
535636066,Marcon Veneto,2021-01-08 11:25:46,1347504764905541637,
1729434602,Piemonte Italia,2021-01-08 11:25:52,1347504791094755330,
291252019,Arezzo,2021-01-08 11:25:53,1347504795951788033,
1376591036,Roma,2021-01-08 11:26:00,1347504823994867713,
380865929,Treviso,2021-01-08 11:26:02,1347504835210268676,
428523580,primario neurochirurgo ,2021-01-08 11:26:09,1347504864994144259,
291252019,Arezzo,2021-01-08 11:26:11,1347504871470223364,
490367299,Napoli - Milano - Roma,2021-01-08 11:26:11,1347504872762060803,
102804357,Roma,2021-01-08 11:26:17,1347504895214186496,
990682830,London New York San Gines,2021-01-08 11:26:19,1347504904244506625,
1342070787990290434,Provenza-Alpi-Costa Azzurra F,2021-01-08 11:26:19,1347504906979201024,
868794661913100288,Bologna Emilia Romagna,2021-01-08 11:26:21,1347504915388760065,
4249515683,Rivoli Piemonte,2021-01-08 11:26:29,1347504946569220102,
2657512986,Roma,2021-01-08 11:26:30,1347504950214062080,
4235013983,Roma Lazio,2021-01-08 11:26:34,1347504968677339137,
497514977,Giovinazzo,2021-01-08 11:26:35,1347504972070440960,
413125855,marina di ginosa,2021-01-08 11:26:37,1347504982040469506,
291252019,Arezzo,2021-01-08 11:26:42,1347505001887903744,
710238049213550593,Mombaldone Piemonte,2021-01-08 11:26:57,1347505064915705857,
1585382150,Milan,2021-01-08 11:26:59,1347505073031622657,
2485632127,ex avvocato,2021-01-08 11:27:07,1347505107412414465,
36469575,EveryWhere,2021-01-08 11:27:12,1347505128866250752,
413278857,Palermo,2021-01-08 11:27:15,1347505138718617601,
441648371,TARANTO,2021-01-08 11:27:18,1347505154468290561,
291252019,Arezzo,2021-01-08 11:27:20,1347505161426640896,
490367299,Napoli - Milano - Roma,2021-01-08 11:27:24,1347505178027700226,
376311297,napoli,2021-01-08 11:27:31,1347505208033763329,
51784767,Costigliole d'Asti,2021-01-08 11:27:35,1347505222072086530,
795909874005766145,Messina Sicilia,2021-01-08 11:27:45,1347505264338104320,
1039251322317557761,Roma Lazio,2021-01-08 11:27:57,1347505315445698560,
525568809,Pistoia,2021-01-08 11:28:01,1347505331736342528,
243563921,Padova,2021-01-08 11:28:13,1347505381325611009,
291252019,Arezzo,2021-01-08 11:28:15,1347505393656848385,
208723348,Firenze,2021-01-08 11:28:21,1347505418235424768,
1412159053,Milano Lombardia,2021-01-08 11:28:41,1347505502620704768,
82092767,Sulla destra della gaussiana,2021-01-08 11:28:43,1347505509415464962,
432880282,parabiago ,2021-01-08 11:28:45,1347505515866300419,
1243133156519227393,Lodi Lombardia,2021-01-08 11:28:46,1347505523063721984,
5869132,Spilimbergo Friuli-Venezia Giulia,2021-01-08 11:28:49,1347505535428472834,
208723348,Firenze,2021-01-08 11:29:01,1347505583352639490,
868794661913100288,Bologna Emilia Romagna,2021-01-08 11:29:06,1347505604307390464,
878679891385954304,Italia... Veneto...what else ?,2021-01-08 11:29:09,1347505618203144192,
1039251322317557761,Roma Lazio,2021-01-08 11:29:17,1347505650784468993,
3262472092,Siena Toscana,2021-01-08 11:29:28,1347505699421642752,
889090083323863044,Carmignano Toscana Seano,2021-01-08 11:29:29,1347505703129387008,
14824456,Torino,2021-01-08 11:29:31,1347505712591732738,
1376591036,Roma,2021-01-08 11:29:36,1347505733588426754,
1132977851085533184,Roma Lazio,2021-01-08 11:29:59,1347505826882314241,
836880181633638400,Umbria Italia,2021-01-08 11:30:10,1347505875880210433,
431837925,Pedergnano_Erbusco_Brescia,2021-01-08 11:30:18,1347505908096643072,
549660333,Ragusa Sicilia Italia,2021-01-08 11:30:20,1347505916174860289,
3194573930,Diano Marina Liguria,2021-01-08 11:30:23,1347505928489340928,
1960595346,Locri,2021-01-08 11:30:28,1347505948886257665,
2657512986,Roma,2021-01-08 11:30:37,1347505986429444096,
66130692,Milano,2021-01-08 11:30:40,1347506000295849984,
710238049213550593,Mombaldone Piemonte,2021-01-08 11:30:41,1347506002422341633,
4249515683,Rivoli Piemonte,2021-01-08 11:30:50,1347506041555197954,
713706522,Imola Emilia Romagna,2021-01-08 11:30:51,1347506045145513985,
2944929857,Senigallia Marche,2021-01-08 11:30:53,1347506055866183684,
1412159053,Milano Lombardia,2021-01-08 11:30:59,1347506079983394816,
1016293392811266048,Piombino Toscana,2021-01-08 11:31:01,1347506088787259393,
2378966315,Monastero Bormida (AT),2021-01-08 11:31:01,1347506088657244160,
990682830,London New York San Gines,2021-01-08 11:31:03,1347506098513846277,
2657512986,Roma,2021-01-08 11:31:05,1347506106176843782,
520734440,Massimo Rimbotti,2021-01-08 11:31:06,1347506109364523010,
3049980465,Roma Lazio,2021-01-08 11:31:06,1347506110710874112,
757087130476802048,Torino Piemonte,2021-01-08 11:31:09,1347506121645371392,
67855148,Amola,2021-01-08 11:31:15,1347506148723847170,
1149408158,Roma - Perugia,2021-01-08 11:31:30,1347506209407033346,
1071380357415616513,Sesto Fiorentino Toscana,2021-01-08 11:31:32,1347506217279774720,
990682830,London New York San Gines,2021-01-08 11:31:39,1347506248644747264,
264211609,Forl√¨ Emilia Romagna,2021-01-08 11:31:40,1347506252985716738,
40062832,Bologna - Italy,2021-01-08 11:31:45,1347506271856046082,
2216363099,Sul cuore della Terra,2021-01-08 11:31:50,1347506295352537090,
732109080182046720,Sansepolcro Toscana,2021-01-08 11:31:55,1347506314256244736,
217497747,genova,2021-01-08 11:32:05,1347506357310795778,
1052523562626473985,Polian77,2021-01-08 11:32:08,1347506368962580480,
708320269522362370,Biella,2021-01-08 11:32:11,1347506382564700160,
208723348,Firenze,2021-01-08 11:32:44,1347506521974972418,
2324447806,Faenza,2021-01-08 11:32:49,1347506541461712897,
2826084519,Genova - Genoa ,2021-01-08 11:32:56,1347506568678563840,
507183179,Bergamo,2021-01-08 11:33:01,1347506589582958592,
66130692,Milano,2021-01-08 11:33:07,1347506614782337025,
491330943,Roma - Nuovo Salario,2021-01-08 11:33:17,1347506659229396992,
1132977851085533184,Roma Lazio,2021-01-08 11:33:36,1347506736970817536,
3376130901,Austria,2021-01-08 11:33:46,1347506780071473153,
327302783,Urbino,2021-01-08 11:33:52,1347506803261714432,
1275880106,Trabia Sicilia,2021-01-08 11:34:00,1347506837537628160,
102050463,roseto degli abruzzi,2021-01-08 11:34:18,1347506912443527171,
210822189,Roma o Maremma,2021-01-08 11:34:20,1347506924489732099,
28128719,Lucca Tuscany,2021-01-08 11:34:24,1347506940763627525,
878679891385954304,Italia... Veneto...what else ?,2021-01-08 11:34:25,1347506941682184193,
549660333,Ragusa Sicilia Italia,2021-01-08 11:34:37,1347506995331432448,
1027923207897145344,Lecce Puglia,2021-01-08 11:34:42,1347507015321591808,
217497747,genova,2021-01-08 11:35:08,1347507125103300608,
714081661,Portogruaro,2021-01-08 11:35:12,1347507142476050434,
1296792550859317249,~Isola dei clown~,2021-01-08 11:35:15,1347507152978653184,
3903361878,Palermo Sicilia,2021-01-08 11:35:18,1347507165603504131,
878679891385954304,Italia... Veneto...what else ?,2021-01-08 11:35:32,1347507223010934784,
911363617290964992,Fiastra Marche,2021-01-08 11:35:32,1347507224726401027,
865262233999339520,Sesto San Giovanni Lombardia,2021-01-08 11:35:38,1347507251142156288,
765324667,napoli,2021-01-08 11:35:39,1347507254409515010,
376069634,Roma,2021-01-08 11:35:44,1347507276731592704,
843157989120991237,Modena Emilia Romagna,2021-01-08 11:35:56,1347507327251918848,
260404258,Cerro al Lambro,2021-01-08 11:36:13,1347507397112246273,
908255097066594304,Corso Torino 35/10A - Genova,2021-01-08 11:36:15,1347507405534457856,
878679891385954304,Italia... Veneto...what else ?,2021-01-08 11:36:17,1347507411368767488,
713706522,Imola Emilia Romagna,2021-01-08 11:36:23,1347507438606577666,
1066814100,Roma,2021-01-08 11:36:30,1347507468579045376,
402264907,Prato Toscana,2021-01-08 11:36:32,1347507477588434946,
1336453668313440257,Genova Liguria,2021-01-08 11:36:35,1347507489349259267,
1278344437148631040,Lecco Lombardia,2021-01-08 11:36:39,1347507504390012929,
812675712838725632,Nocera Umbra Umbria,2021-01-08 11:36:43,1347507524384272384,
990682830,London New York San Gines,2021-01-08 11:36:45,1347507531988545536,
366175274,Napoli Campania,2021-01-08 11:36:51,1347507556202242049,
291252019,Arezzo,2021-01-08 11:36:52,1347507559792578560,
428328999,Milano Lombardia,2021-01-08 11:36:53,1347507564477636608,
1017061020,Brianza-Reggio Emilia,2021-01-08 11:36:55,1347507570748043269,
765714842,Monopoli Puglia,2021-01-08 11:36:55,1347507572245458946,
464072150,Sora,2021-01-08 11:36:59,1347507589274284037,
186976135,Val Susa,2021-01-08 11:37:02,1347507600334663681,
291252019,Arezzo,2021-01-08 11:37:11,1347507640688107521,
1107438535,varano borghi,2021-01-08 11:37:12,1347507644752396289,
380865929,Treviso,2021-01-08 11:37:22,1347507687156682752,
291252019,Arezzo,2021-01-08 11:37:43,1347507774981369857,
240783492,Italia - Asti,2021-01-08 11:37:44,1347507777925771264,
2324447806,Faenza,2021-01-08 11:37:46,1347507787912392705,
1275077719,Verona Veneto,2021-01-08 11:37:51,1347507807441063936,
291252019,Arezzo,2021-01-08 11:38:14,1347507904295919618,
549660333,Ragusa Sicilia Italia,2021-01-08 11:38:15,1347507906598629376,
96721344,Roma Lazio,2021-01-08 11:38:26,1347507953977405441,
6495782,Bologna ITALY,2021-01-08 11:38:27,1347507957710397442,
508701133,Napoli,2021-01-08 11:38:28,1347507964979064832,
878679891385954304,Italia... Veneto...what else ?,2021-01-08 11:38:29,1347507966333902848,
1279788537932648448,It√°lia,2021-01-08 11:38:29,1347507967025946626,
432880282,parabiago ,2021-01-08 11:38:31,1347507973808128001,
367646320,San Martino in Rio,2021-01-08 11:38:37,1347507999192064003,
363013876,Milano Lombardia,2021-01-08 11:38:53,1347508066061840385,
218784249,Sandrigo vicenza veneto italia,2021-01-08 11:38:54,1347508073607401475,
84127234,Napoli,2021-01-08 11:38:55,1347508076367253504,
291252019,Arezzo,2021-01-08 11:38:55,1347508076593745921,
192350796,37.04903514.840394,2021-01-08 11:38:58,1347508089851949057,
878679891385954304,Italia... Veneto...what else ?,2021-01-08 11:39:04,1347508115026173952,
776429806967717888,Milano Lombardia,2021-01-08 11:39:05,1347508119119794176,
432880282,parabiago ,2021-01-08 11:39:06,1347508121934159875,
1087715590691794945,Milano Lombardia,2021-01-08 11:39:07,1347508127072190465,
1244350532929675266,Motta di Livenza Veneto,2021-01-08 11:39:08,1347508131736285191,
2728402871,Verona Veneto,2021-01-08 11:39:11,1347508144637927425,
2324447806,Faenza,2021-01-08 11:39:16,1347508164296638464,
1347287720549376001,Napoli Campania,2021-01-08 11:39:25,1347508203899248641,
1418233746,Via della Luce 21 Roma,2021-01-08 11:39:26,1347508204536795137,
702614277472034818,Roma Lazio,2021-01-08 11:39:37,1347508251064197121,
291252019,Arezzo,2021-01-08 11:39:49,1347508302331129857,
878679891385954304,Italia... Veneto...what else ?,2021-01-08 11:40:05,1347508368232099842,
2728402871,Verona Veneto,2021-01-08 11:40:11,1347508395104997377,
217497747,genova,2021-01-08 11:40:12,1347508400226185217,
2976339147,Verona Italia,2021-01-08 11:40:22,1347508440072073217,
89162563,MILANITALY,2021-01-08 11:40:23,1347508446028050432,
1346026013508177923,Udine Friuli-Venezia Giulia,2021-01-08 11:40:35,1347508495260807169,
291252019,Arezzo,2021-01-08 11:40:40,1347508516244905986,
472379566,Puglia Italia,2021-01-08 11:40:46,1347508543801487360,
732109080182046720,Sansepolcro Toscana,2021-01-08 11:40:48,1347508548868177922,
392046617,Roma Lazio,2021-01-08 11:40:53,1347508571550965760,
879276528097427456,Feltre Veneto Italy,2021-01-08 11:41:24,1347508701750554628,
838512282,Bergamo Lombardia,2021-01-08 11:41:26,1347508708604063744,
1157154349144924160,Lombardia Italia,2021-01-08 11:41:41,1347508772101648390,
60888472,Milano - Milazzo,2021-01-08 11:41:50,1347508811804913666,
844633051284078592,Roma,2021-01-08 11:41:54,1347508828397588481,
217497747,genova,2021-01-08 11:42:01,1347508855740145665,
291363076,Roma Lazio,2021-01-08 11:42:02,1347508859997483008,
549660333,Ragusa Sicilia Italia,2021-01-08 11:42:03,1347508863902380032,
558651454,Mirafiori Sud Europa,2021-01-08 11:42:06,1347508875172442119,
3939821770,Universit√© de Corse,2021-01-08 11:42:13,1347508907984506886,
877224528820277248,Tokyo,2021-01-08 11:42:20,1347508935482343424,
291252019,Arezzo,2021-01-08 11:42:25,1347508956915265538,
415435607,Marche - SunBeach,2021-01-08 11:42:26,1347508961134710785,
2354643412,Assisi Quartaccio ‚ô•Ô∏è,2021-01-08 11:42:32,1347508984698314754,
1272116478461054977,Sassari Sardegna,2021-01-08 11:42:33,1347508990964604928,
838512282,Bergamo Lombardia,2021-01-08 11:42:36,1347509001160974336,
97289616,Milano.,2021-01-08 11:42:38,1347509011629953028,
223215480,Senigallia,2021-01-08 11:43:04,1347509120346238978,
376298468,Bologna. Per sempre Bologna.,2021-01-08 11:43:11,1347509148150362112,
877224528820277248,Tokyo,2021-01-08 11:43:17,1347509176625491968,
1243133156519227393,Lodi Lombardia,2021-01-08 11:43:20,1347509189330014208,
1345336278536089600,u r baby,2021-01-08 11:43:21,1347509191754321920,
1068306824103907328,Vicenza Veneto,2021-01-08 11:43:27,1347509218774036480,
1334894241240199168,Robecco sul naviglio,2021-01-08 11:43:29,1347509223303770112,
347141146,Campania Napoli,2021-01-08 11:43:39,1347509268774326272,
1257118435,Sora (Fr),2021-01-08 11:43:42,1347509281088790528,
291252019,Arezzo,2021-01-08 11:43:44,1347509286419787776,
4127838555,Napoli Campania,2021-01-08 11:43:44,1347509287023767553,
73180846,Genova,2021-01-08 11:43:56,1347509340412981248,
223215480,Senigallia,2021-01-08 11:44:07,1347509386655236096,
1288114310590246912,Prato Toscana,2021-01-08 11:44:08,1347509387171127298,
291252019,Arezzo,2021-01-08 11:44:10,1347509395333246978,
143188398,Cuneo Italy,2021-01-08 11:44:10,1347509396004343809,
841734616604123137,Catania Sicilia,2021-01-08 11:44:17,1347509425976860673,
2988335316,Roma Lazio,2021-01-08 11:44:19,1347509434491269126,
549660333,Ragusa Sicilia Italia,2021-01-08 11:44:19,1347509436236050436,
1056112240619855872,Scheggino Umbria,2021-01-08 11:44:22,1347509446600228864,
291252019,Arezzo,2021-01-08 11:44:22,1347509449305501696,
2511768170,Napoli Campania,2021-01-08 11:44:43,1347509535011987456,
260404258,Cerro al Lambro,2021-01-08 11:45:01,1347509612891799554,
291252019,Arezzo,2021-01-08 11:45:09,1347509643829014533,
1159070025841618945,Torino Piemonte,2021-01-08 11:45:31,1347509737605259264,
1296792550859317249,~Isola dei clown~,2021-01-08 11:45:37,1347509760418082817,
291252019,Arezzo,2021-01-08 11:45:39,1347509768810885120,
2479620311,Nerviano Lombardia,2021-01-08 11:45:39,1347509769477754881,
3294215278,Bergamo,2021-01-08 11:45:46,1347509799957749761,
291363076,Roma Lazio,2021-01-08 11:45:58,1347509848720756738,
1085278611643551752,Chiavari ,2021-01-08 11:46:05,1347509881776070656,
18446489,Buccinasco MI,2021-01-08 11:46:08,1347509892995813378,
4923171094,Veneto Italia,2021-01-08 11:46:26,1347509969688653826,
56653206,Torino,2021-01-08 11:46:30,1347509986461679616,
1011206552,Slovenia Italy USA Thailand,2021-01-08 11:46:33,1347509996112769026,
990682830,London New York San Gines,2021-01-08 11:46:35,1347510007055712256,
4923171094,Veneto Italia,2021-01-08 11:46:36,1347510011694612480,
1019961684436443139,Viterbo Lazio,2021-01-08 11:46:38,1347510017201754112,
1085278611643551752,Chiavari ,2021-01-08 11:46:46,1347510051452366849,
4923171094,Veneto Italia,2021-01-08 11:46:51,1347510073778724865,
476703111,Quinzano d'Oglio Brescia ,2021-01-08 11:46:53,1347510079428448256,
714081661,Portogruaro,2021-01-08 11:46:53,1347510081634643970,
376298468,Bologna. Per sempre Bologna.,2021-01-08 11:46:57,1347510098705477632,
177497774,Padova Veneto,2021-01-08 11:47:02,1347510117563043840,
2479620311,Nerviano Lombardia,2021-01-08 11:47:03,1347510121757339649,
201817531,Italia Osimo _ Ancona,2021-01-08 11:47:07,1347510141286019074,
201817531,Italia Osimo _ Ancona,2021-01-08 11:47:19,1347510189126246400,
186410334,Citt√† del Vaticano,2021-01-08 11:47:23,1347510207904165889,
4923171094,Veneto Italia,2021-01-08 11:47:25,1347510213226729473,
415749407,San Benedetto del Trondheim,2021-01-08 11:47:47,1347510309217574912,
90593797,Citt√† di Castello Umbria,2021-01-08 11:47:50,1347510318453420032,
3043115600,Viterbo Lazio,2021-01-08 11:47:55,1347510340230254595,
2800293279,Cosenza Calabria,2021-01-08 11:48:00,1347510360912375814,
2902809855,Brescia Lombardia,2021-01-08 11:48:05,1347510381233713154,
201012406,Prato Toscana Italia,2021-01-08 11:48:08,1347510393925742594,
2979682611,Basilicata Italia,2021-01-08 11:48:09,1347510398635958272,
94853540,GLA üè¥Û†ÅßÛ†Å¢Û†Å≥Û†Å£Û†Å¥Û†Åø | MI üáÆüáπ,2021-01-08 11:48:16,1347510431032766464,
2479620311,Nerviano Lombardia,2021-01-08 11:48:17,1347510435105431552,
1123321144776515590,Monferrato Piemonte Italia,2021-01-08 11:48:18,1347510437013839873,
393315188,Bologna IT,2021-01-08 11:48:21,1347510450863415298,
549660333,Ragusa Sicilia Italia,2021-01-08 11:48:21,1347510451974889473,
186410334,Citt√† del Vaticano,2021-01-08 11:48:27,1347510474091483136,
17922316,Rome Italy,2021-01-08 11:48:32,1347510496509964288,
768413,Sala Consilina Italy,2021-01-08 11:48:37,1347510518853021696,
101014254,Milan Italy,2021-01-08 11:49:12,1347510663082627072,
491424848,Rivalta Bormida,2021-01-08 11:49:19,1347510695240208387,
1374434772,Suzzara (MN),2021-01-08 11:49:50,1347510824252928000,
3043115600,Viterbo Lazio,2021-01-08 11:49:50,1347510824622039045,
118638286,New York USA,2021-01-08 11:49:58,1347510857253724161,
515858558,morlupo,2021-01-08 11:49:59,1347510862123323393,
1239553189671841798,Genova Liguria,2021-01-08 11:50:03,1347510879479345152,
4393094843,Piacenza Emilia Romagna,2021-01-08 11:50:05,1347510885523345408,
380865929,Treviso,2021-01-08 11:50:06,1347510889323372544,
1146673888891457537,Roma Lazio,2021-01-08 11:50:15,1347510928644988928,
262661364,Voghera Lombardia,2021-01-08 11:50:23,1347510961251487746,
291252019,Arezzo,2021-01-08 11:50:24,1347510964544004099,
179016040,Lugano Svizzera,2021-01-08 11:50:25,1347510971905007620,
284158226,Palermo Sicilia,2021-01-08 11:50:26,1347510973939200003,
1320852234561822724,Milano Lombardia,2021-01-08 11:50:27,1347510976837525504,
711229634,EX di tutto,2021-01-08 11:50:41,1347511035318706176,
1087715590691794945,Milano Lombardia,2021-01-08 11:50:46,1347511059180040194,
199039635,Verona Veneto,2021-01-08 11:50:47,1347511064175456256,
866989580,ufficio stampa e comunicazione,2021-01-08 11:50:48,1347511067430309888,
291252019,Arezzo,2021-01-08 11:51:03,1347511128159608833,
3725523736,Reggio di Calabria Calabria,2021-01-08 11:51:07,1347511145280757760,
1313143618715217927,somewhere crying in a cool way,2021-01-08 11:51:08,1347511149152137216,
879276528097427456,Feltre Veneto Italy,2021-01-08 11:51:22,1347511208644120576,
316704886,Santa Teresa Gallura Sardegna,2021-01-08 11:51:22,1347511210628022272,
291252019,Arezzo,2021-01-08 11:51:24,1347511216693014531,
144303035,Roma Lazio,2021-01-08 11:51:30,1347511241074499590,
1159749098318237696,Firenze Toscana,2021-01-08 11:51:30,1347511243742060551,
4151777387,via Isacco 1 Merone (Co),2021-01-08 11:51:34,1347511259697131520,
1313143618715217927,somewhere crying in a cool way,2021-01-08 11:51:36,1347511267024633857,
1585382150,Milan,2021-01-08 11:51:42,1347511292291125251,
1313143618715217927,somewhere crying in a cool way,2021-01-08 11:51:45,1347511304198696965,
291252019,Arezzo,2021-01-08 11:51:50,1347511327993057281,
1313143618715217927,somewhere crying in a cool way,2021-01-08 11:51:59,1347511364701585408,
713706522,Imola Emilia Romagna,2021-01-08 11:52:03,1347511381541715969,
1251823441902174210,Napoli Campania,2021-01-08 11:52:09,1347511408255250432,
978592698,caput mundi,2021-01-08 11:52:16,1347511434285109257,
1243133156519227393,Lodi Lombardia,2021-01-08 11:52:17,1347511439372775425,
105446292,Turin Italy,2021-01-08 11:52:19,1347511448172449793,
1313143618715217927,somewhere crying in a cool way,2021-01-08 11:52:31,1347511497853968385,
472415168,Olbia,2021-01-08 11:52:40,1347511538102505473,
352255956,Palermo,2021-01-08 11:52:42,1347511546214297600,
1313143618715217927,somewhere crying in a cool way,2021-01-08 11:52:45,1347511555575971840,
62507762,Bologna,2021-01-08 11:52:47,1347511566749593601,
1585382150,Milan,2021-01-08 11:52:54,1347511595027603456,
1445009743,Roma Lazio,2021-01-08 11:52:54,1347511596436893699,
1243133156519227393,Lodi Lombardia,2021-01-08 11:53:15,1347511681971269632,
256521534,Vicenza Italy,2021-01-08 11:53:26,1347511727617929217,
238520291,Genoa,2021-01-08 11:53:34,1347511761021317122,
376298468,Bologna. Per sempre Bologna.,2021-01-08 11:53:35,1347511768134934530,
392046617,Roma Lazio,2021-01-08 11:53:35,1347511769049296897,
1275880106,Trabia Sicilia,2021-01-08 11:53:42,1347511796287086592,
416386204,Gallipoli,2021-01-08 11:53:43,1347511800787558400,
291252019,Arezzo,2021-01-08 11:53:45,1347511808668667904,
256521534,Vicenza Italy,2021-01-08 11:54:02,1347511881733386240,
7559072,Trento,2021-01-08 11:54:23,1347511969092395009,
2800293279,Cosenza Calabria,2021-01-08 11:54:24,1347511973378973697,
791585557713395712,Lecce Perugia Pavia. ,2021-01-08 11:54:25,1347511978890244096,
291252019,Arezzo,2021-01-08 11:54:26,1347511978965807104,
143188398,Cuneo Italy,2021-01-08 11:54:32,1347512005607960577,
404753936,Piacenza,2021-01-08 11:54:41,1347512043348353027,
1013577343,UmbriaItalyDubai & Bahrein,2021-01-08 11:54:42,1347512049438519302,
291252019,Arezzo,2021-01-08 11:54:49,1347512075631947778,
1585382150,Milan,2021-01-08 11:54:50,1347512083395579904,
1048664892,Oristano Sardegna,2021-01-08 11:54:55,1347512102844555264,
973190141228527617,Molise Italia,2021-01-08 11:55:00,1347512122662658048,
1039251322317557761,Roma Lazio,2021-01-08 11:55:01,1347512129298042882,
1209184108921917440,Sicilia Italia,2021-01-08 11:55:19,1347512204954918913,
489178186,Sul primo treno che passa ,2021-01-08 11:55:29,1347512246608551938,
274452040,Genova Italy,2021-01-08 11:55:34,1347512265340121089,
104854729,Anguillara Sabazia  Rome,2021-01-08 11:55:38,1347512281895198720,
1288114310590246912,Prato Toscana,2021-01-08 11:55:48,1347512325163671560,
392046617,Roma Lazio,2021-01-08 11:55:49,1347512328544247810,
47088122,Bassano del Grappa Veneto,2021-01-08 11:56:18,1347512449658990593,
732109080182046720,Sansepolcro Toscana,2021-01-08 11:56:29,1347512495662133249,
104854729,Anguillara Sabazia  Rome,2021-01-08 11:56:30,1347512503060848646,
1090466328140345344,Torino Piemonte,2021-01-08 11:56:45,1347512565757341696,
3044770005,Gallipoli -Le-,2021-01-08 11:56:51,1347512589383856128,
376298468,Bologna. Per sempre Bologna.,2021-01-08 11:56:51,1347512591015432192,
238520291,Genoa,2021-01-08 11:56:54,1347512601266298880,
126668199,Roma,2021-01-08 11:56:55,1347512605171187713,
2338781833,grottaglie,2021-01-08 11:56:57,1347512612695797760,
1151349938,Lecco,2021-01-08 11:57:00,1347512628315348992,
432775677,Reggio nell'Emilia,2021-01-08 11:57:06,1347512651224592384,
30031962,Qui,2021-01-08 11:57:06,1347512653028225024,
489178186,Sul primo treno che passa ,2021-01-08 11:57:11,1347512674091888641,
713706522,Imola Emilia Romagna,2021-01-08 11:57:21,1347512714931875844,
131889851,ITALIA,2021-01-08 11:57:27,1347512738344546304,
879276528097427456,Feltre Veneto Italy,2021-01-08 11:57:33,1347512764076535810,
476703111,Quinzano d'Oglio Brescia ,2021-01-08 11:57:42,1347512802215419905,
1313021474245160961,Alghero Sardegna,2021-01-08 11:57:47,1347512822830403586,
291252019,Arezzo,2021-01-08 11:58:05,1347512897937825793,
393315188,Bologna IT,2021-01-08 11:58:18,1347512955030671360,
879276528097427456,Feltre Veneto Italy,2021-01-08 11:58:18,1347512955655643138,
785531744468557824,Venezia Veneto,2021-01-08 11:58:18,1347512956167315457,
34196694,Torino Piemonte,2021-01-08 11:58:21,1347512968481746944,
978592698,caput mundi,2021-01-08 11:58:29,1347512998508843010,
1039251322317557761,Roma Lazio,2021-01-08 11:58:33,1347513015520948225,
291252019,Arezzo,2021-01-08 11:58:37,1347513033120223234,
1239553189671841798,Genova Liguria,2021-01-08 11:58:43,1347513059179450368,
512164378,Lecce Apulia ,2021-01-08 11:58:44,1347513063617015810,
435220751,Milano,2021-01-08 11:58:52,1347513097918025730,
765714842,Monopoli Puglia,2021-01-08 11:58:56,1347513111927005185,
1336364804970336256,Roma‚ù§üíõ,2021-01-08 11:58:58,1347513120823107584,
1107205176,Dharamsala,2021-01-08 11:58:58,1347513122756685829,
1013577343,UmbriaItalyDubai & Bahrein,2021-01-08 11:59:10,1347513171234484231,
978592698,caput mundi,2021-01-08 11:59:11,1347513174568947714,
607985679,Oristano Sardegna,2021-01-08 11:59:12,1347513181577621504,
416583838,Alessandria; Piemonte,2021-01-08 11:59:22,1347513221532495874,
1151349938,Lecco,2021-01-08 11:59:26,1347513238079082496,
238520291,Genoa,2021-01-08 11:59:27,1347513245461061634,
1048664892,Oristano Sardegna,2021-01-08 11:59:29,1347513251786067970,
2821147287,Foiano- via del duca 159 (AR),2021-01-08 11:59:31,1347513259532890113,
1976577254,Viareggio Toscana,2021-01-08 11:59:38,1347513288498835460,
619915078,Crotone,2021-01-08 11:59:39,1347513291795554306,
391551546,umbria,2021-01-08 11:59:46,1347513322518798337,
320653113,Milano Lombardia,2021-01-08 12:00:00,1347513379926192128,
244188724,Roma Lazio,2021-01-08 12:00:02,1347513391112286211,
102083128,Caravaggio Lombardia,2021-01-08 12:00:24,1347513484230197249,
1131689516601888773,Milano Lombardia,2021-01-08 12:00:30,1347513507261128705,
208723348,Firenze,2021-01-08 12:00:31,1347513512311062528,
715261691890700288,Casalecchio di Reno Emilia Ro,2021-01-08 12:00:36,1347513531034447873,
463138352,Rovigo Veneto,2021-01-08 12:00:38,1347513540932993028,
1313143618715217927,somewhere crying in a cool way,2021-01-08 12:00:47,1347513580070047744,
291252019,Arezzo,2021-01-08 12:00:48,1347513584192991234,
1123321144776515590,Monferrato Piemonte Italia,2021-01-08 12:00:55,1347513611342770179,
878679891385954304,Italia... Veneto...what else ?,2021-01-08 12:00:55,1347513613087625218,
1062944352,Savona,2021-01-08 12:01:02,1347513643454390273,
391551546,umbria,2021-01-08 12:01:13,1347513687368675329,
531515752,Poggibonsi,2021-01-08 12:01:13,1347513688832540672,
1134090080681963520,politiche sociali,2021-01-08 12:01:20,1347513717693493249,
1193510076948123648,Bagni di Lucca  Toscana,2021-01-08 12:01:21,1347513722680582144,
1346970157403561990,Roma Lazio,2021-01-08 12:01:22,1347513725981491200,
392046617,Roma Lazio,2021-01-08 12:01:25,1347513738228867072,
564816340,Milano Italia // she/her,2021-01-08 12:01:28,1347513752225247232,
130982265,Vicenza,2021-01-08 12:01:29,1347513755819769857,
291252019,Arezzo,2021-01-08 12:01:35,1347513780138336261,
1943245836,Milano Lombardia,2021-01-08 12:01:38,1347513793652396039,
487530606,Povoletto Friuli-Venezia Giulia,2021-01-08 12:01:44,1347513818218450944,
785531744468557824,Venezia Veneto,2021-01-08 12:01:50,1347513845183619078,
973190141228527617,Molise Italia,2021-01-08 12:01:54,1347513858508918786,
1347173026627022858,Torino Piemonte,2021-01-08 12:01:55,1347513862757691392,
774419293370998784,Sicilia Italia,2021-01-08 12:01:56,1347513866482315264,
104854729,Anguillara Sabazia  Rome,2021-01-08 12:02:01,1347513890276593664,
1313143618715217927,somewhere crying in a cool way,2021-01-08 12:02:05,1347513904616927235,
86718786,Milano Lombardia,2021-01-08 12:02:09,1347513924246261762,
941694345832476675,Roma,2021-01-08 12:02:10,1347513928885145601,
217497747,genova,2021-01-08 12:02:12,1347513936514600960,
1087715590691794945,Milano Lombardia,2021-01-08 12:02:19,1347513965975318529,
820742509102071809,venice,2021-01-08 12:02:23,1347513979703275520,
283843715,Italy / Puerto Rico,2021-01-08 12:02:24,1347513985776689156,
386811424,Roma Lazio,2021-01-08 12:02:30,1347514012980957186,
303124904,Romagna,2021-01-08 12:02:33,1347514025760927745,
17273303,Rome - Italy,2021-01-08 12:02:37,1347514039535104000,
291252019,Arezzo,2021-01-08 12:02:45,1347514073416667139,
1151349938,Lecco,2021-01-08 12:02:47,1347514080341483521,
1011206552,Slovenia Italy USA Thailand,2021-01-08 12:02:47,1347514082681892866,
416583838,Alessandria; Piemonte,2021-01-08 12:02:52,1347514101447196674,
291252019,Arezzo,2021-01-08 12:03:03,1347514149195173892,
1346026013508177923,Udine Friuli-Venezia Giulia,2021-01-08 12:03:05,1347514156103196672,
1011206552,Slovenia Italy USA Thailand,2021-01-08 12:03:16,1347514204341862400,
1134090080681963520,politiche sociali,2021-01-08 12:03:21,1347514223648190469,
610972828,Milano Lombardia,2021-01-08 12:03:25,1347514241251766273,
1340303791665639425,Milano Lombardia,2021-01-08 12:03:34,1347514279558311936,
3775808595,Milano,2021-01-08 12:03:35,1347514284851552257,
3346555936,San Giustino Perugia Umbria,2021-01-08 12:03:43,1347514318854750208,
291252019,Arezzo,2021-01-08 12:03:48,1347514338861600773,
774419293370998784,Sicilia Italia,2021-01-08 12:03:57,1347514375389765632,
338585911,Cesena - Roma,2021-01-08 12:04:01,1347514393660174336,
2260566889,Sardegna.Italia.,2021-01-08 12:04:06,1347514414707171329,
978592698,caput mundi,2021-01-08 12:04:08,1347514420843470851,
200441587,San Stino di Livenza,2021-01-08 12:04:08,1347514422714130438,
973190141228527617,Molise Italia,2021-01-08 12:04:13,1347514441617842178,
2479620311,Nerviano Lombardia,2021-01-08 12:04:13,1347514444709056513,
291252019,Arezzo,2021-01-08 12:04:14,1347514445703032833,
774419293370998784,Sicilia Italia,2021-01-08 12:04:20,1347514470961180675,
3400320676,Raddusa Sicilia ( Italia ),2021-01-08 12:04:21,1347514474832535554,
291252019,Arezzo,2021-01-08 12:04:40,1347514555610636289,
2531910341,Cuneo,2021-01-08 12:04:44,1347514572396261376,
715261691890700288,Casalecchio di Reno Emilia Ro,2021-01-08 12:04:44,1347514573755195394,
3400320676,Raddusa Sicilia ( Italia ),2021-01-08 12:04:46,1347514583309811714,
461476987,Roma,2021-01-08 12:05:22,1347514734057320449,
812265993196146688,Benevento Campania,2021-01-08 12:05:24,1347514739363110912,
443863529,Napoli,2021-01-08 12:05:26,1347514747743309827,
3092201031,Bologna,2021-01-08 12:05:32,1347514773609590785,
3400320676,Raddusa Sicilia ( Italia ),2021-01-08 12:05:36,1347514791464751105,
2479620311,Nerviano Lombardia,2021-01-08 12:05:37,1347514796225257473,
102458312,Pescara,2021-01-08 12:05:43,1347514822062206977,
1019614136731361282,Racale Puglia,2021-01-08 12:05:49,1347514844585586688,
4841486920,voglio un succo e uno xanax,2021-01-08 12:05:58,1347514882451763204,
1134090080681963520,politiche sociali,2021-01-08 12:05:59,1347514889477226502,
1148921952326828033,Spresiano Veneto,2021-01-08 12:06:06,1347514919013535744,
973190141228527617,Molise Italia,2021-01-08 12:06:11,1347514936528941058,
1118119168975544321,Genova Liguria,2021-01-08 12:06:12,1347514944196128768,
1151349938,Lecco,2021-01-08 12:06:13,1347514946402312193,
403024403,Bari,2021-01-08 12:06:15,1347514953876578308,
32910656,Frankfurt Am Main,2021-01-08 12:06:21,1347514980288094208,
3346555936,San Giustino Perugia Umbria,2021-01-08 12:06:23,1347514989968502784,
1164172862,Lavender Town,2021-01-08 12:06:28,1347515008788344836,
7559072,Trento,2021-01-08 12:06:36,1347515042225389569,
50257359,Porto Azzurro Toscana,2021-01-08 12:06:39,1347515055915597827,
1336364804970336256,Roma‚ù§üíõ,2021-01-08 12:06:42,1347515066271346688,
862899121,Cavazzale,2021-01-08 12:06:42,1347515068888576000,
2479620311,Nerviano Lombardia,2021-01-08 12:06:48,1347515093798572033,
489503,Cesena FC Italia,2021-01-08 12:06:50,1347515099829964800,
1134090080681963520,politiche sociali,2021-01-08 12:06:51,1347515107660734466,
2260566889,Sardegna.Italia.,2021-01-08 12:06:54,1347515116313575426,
715261691890700288,Casalecchio di Reno Emilia Ro,2021-01-08 12:07:04,1347515162065072129,
195859991,puglia,2021-01-08 12:07:16,1347515208907034624,
1336682523838050304,Roma Lazio,2021-01-08 12:07:22,1347515237663125510,
1346026013508177923,Udine Friuli-Venezia Giulia,2021-01-08 12:07:23,1347515240284622848,
455943869,Rho,2021-01-08 12:07:25,1347515250388643843,
801046891,Milano Italy,2021-01-08 12:07:33,1347515279899848704,
700054260600434689,Ravenna Emilia Romagna,2021-01-08 12:07:36,1347515292801519616,
2479620311,Nerviano Lombardia,2021-01-08 12:07:39,1347515307758415873,
1134090080681963520,politiche sociali,2021-01-08 12:07:42,1347515319032676356,
715261691890700288,Casalecchio di Reno Emilia Ro,2021-01-08 12:08:10,1347515436942974976,
23600591,Milan,2021-01-08 12:08:15,1347515457176285186,
1336364804970336256,Roma‚ù§üíõ,2021-01-08 12:08:15,1347515459231428608,
1118119168975544321,Genova Liguria,2021-01-08 12:08:27,1347515506962661379,
76682963,Prato,2021-01-08 12:08:43,1347515577624104960,
435220751,Milano,2021-01-08 12:08:52,1347515615221841921,
366175274,Napoli Campania,2021-01-08 12:08:53,1347515619084787712,
33882541, Italy - Parma ,2021-01-08 12:09:05,1347515667046653952,
978592698,caput mundi,2021-01-08 12:09:06,1347515670406320128,
1118119168975544321,Genova Liguria,2021-01-08 12:09:08,1347515681856761857,
966810505066287104,Prato ToscanaüáÆüáπ,2021-01-08 12:09:22,1347515739851411458,
232908749,Toscana Italia,2021-01-08 12:09:32,1347515782310334465,
3049882818,Miane Veneto,2021-01-08 12:09:37,1347515802023583744,
390814833,Palermo,2021-01-08 12:09:44,1347515831811530752,
2260566889,Sardegna.Italia.,2021-01-08 12:09:49,1347515852225204226,
385361791,Messina Sicilia,2021-01-08 12:09:52,1347515866120916997,
292898293,45.8080238.676725,2021-01-08 12:09:59,1347515892876386304,
2333536199,Gorizia Friuli-Venezia Giulia,2021-01-08 12:10:00,1347515898626777088,
2905182705,Milanoüè¥Û†ÅßÛ†Å¢Û†Å•Û†ÅÆÛ†ÅßÛ†ÅøüáÆüáπüá™üá∫,2021-01-08 12:10:03,1347515910253404161,
21843,Milan Italy,2021-01-08 12:10:15,1347515962338271233,
2450265194,Friuli-Venezia Giulia Italia,2021-01-08 12:10:17,1347515969409867776,
76682963,Prato,2021-01-08 12:10:50,1347516108702703617,
32910656,Frankfurt Am Main,2021-01-08 12:10:51,1347516110804029445,
443863529,Napoli,2021-01-08 12:10:52,1347516114885107712,
302047948,33100 Eaglewood,2021-01-08 12:10:52,1347516118647377920,
1151349938,Lecco,2021-01-08 12:10:53,1347516119062638601,
51502312,Milano,2021-01-08 12:10:53,1347516122384494592,
236747068,milano,2021-01-08 12:10:54,1347516124729114625,
926180750336065538,Cagliari Sardegna,2021-01-08 12:10:54,1347516124758421504,
1089274325004369924,Napoli Campania,2021-01-08 12:10:55,1347516129187659777,
380865929,Treviso,2021-01-08 12:11:05,1347516172539985923,
3774482241,Casalecchio di Reno Emilia Ro,2021-01-08 12:11:10,1347516192974663680,
933969417234468864,Messina Sicilia,2021-01-08 12:11:16,1347516216970260481,
1026026385540874240,Milano Lombardia,2021-01-08 12:11:18,1347516224817799169,
435220751,Milano,2021-01-08 12:11:24,1347516249467723777,
1134208627055706112,Roma Lazio,2021-01-08 12:11:25,1347516253003505664,
291252019,Arezzo,2021-01-08 12:11:25,1347516254639296514,
557591347,Maranello (MO),2021-01-08 12:11:27,1347516264613347334,
703490936446328832,Santa Maria Ho√®,2021-01-08 12:11:31,1347516281973596162,
2333536199,Gorizia Friuli-Venezia Giulia,2021-01-08 12:11:33,1347516288290201602,
3049882818,Miane Veneto,2021-01-08 12:11:46,1347516345051713538,
443863529,Napoli,2021-01-08 12:11:50,1347516360650317825,
1039251322317557761,Roma Lazio,2021-01-08 12:11:58,1347516394485800960,
435220751,Milano,2021-01-08 12:12:04,1347516419567734785,
77152008,Ingria,2021-01-08 12:12:06,1347516426945368064,
890847632846987264,claire foy,2021-01-08 12:12:12,1347516451410878465,
2939629013,Mercatino Conca Marche,2021-01-08 12:12:12,1347516452866322434,
715261691890700288,Casalecchio di Reno Emilia Ro,2021-01-08 12:12:18,1347516479097475074,
1134090080681963520,politiche sociali,2021-01-08 12:12:21,1347516491772657664,
431027401,TrentoItaly,2021-01-08 12:12:22,1347516493559451650,
291252019,Arezzo,2021-01-08 12:12:28,1347516520256172036,
46462456,Italia Bari - Alberobello ,2021-01-08 12:12:45,1347516591332855808,
1324251823985905665,Italia ,2021-01-08 12:12:59,1347516648924860416,
443863529,Napoli,2021-01-08 12:13:02,1347516663525220354,
291252019,Arezzo,2021-01-08 12:13:04,1347516670856847360,
369107091,Napoli,2021-01-08 12:13:05,1347516672492580866,
1356486175,Milano,2021-01-08 12:13:05,1347516673105002496,
752083818752909313,Reggello Toscana,2021-01-08 12:13:09,1347516689223712769,
415749407,San Benedetto del Trondheim,2021-01-08 12:13:14,1347516714045632519,
435220751,Milano,2021-01-08 12:13:26,1347516762665979904,
16150201,Rome,2021-01-08 12:13:34,1347516794572066816,
76682963,Prato,2021-01-08 12:13:39,1347516817217114113,
348965796,Bergamo Lombardia,2021-01-08 12:13:46,1347516847965548547,
543265436,Milano Lombardia,2021-01-08 12:13:47,1347516850821853184,
291252019,Arezzo,2021-01-08 12:13:48,1347516855070711808,
190591610,Maglie - Milano (Winterfell),2021-01-08 12:13:56,1347516886653796352,
65353073,Messina,2021-01-08 12:13:57,1347516894581035013,
48998389,Genoa Italy,2021-01-08 12:14:03,1347516916093607939,
978592698,caput mundi,2021-01-08 12:14:15,1347516967977103361,
1243133156519227393,Lodi Lombardia,2021-01-08 12:14:21,1347516993705025536,
443863529,Napoli,2021-01-08 12:14:27,1347517017511899138,
703490936446328832,Santa Maria Ho√®,2021-01-08 12:14:34,1347517049594126340,
2836385488,castelfranco venetoüè∞üè∞üè∞,2021-01-08 12:14:36,1347517057831751680,
1085278611643551752,Chiavari ,2021-01-08 12:14:44,1347517089649668098,
966810505066287104,Prato ToscanaüáÆüáπ,2021-01-08 12:15:06,1347517182008320000,
1604406252,Firenze Italia,2021-01-08 12:15:09,1347517193253220354,
1134090080681963520,politiche sociali,2021-01-08 12:15:22,1347517250388025344,
186199925,Venezia Veneto,2021-01-08 12:15:31,1347517285519536128,
1134208627055706112,Roma Lazio,2021-01-08 12:15:31,1347517287826403328,
752083818752909313,Reggello Toscana,2021-01-08 12:15:46,1347517349436551168,
966810505066287104,Prato ToscanaüáÆüáπ,2021-01-08 12:15:48,1347517357841932290,
3092201031,Bologna,2021-01-08 12:16:02,1347517417291964421,
292808777,Via San Paolo 1 - 56124 PISA,2021-01-08 12:16:04,1347517427307917313,
1039251322317557761,Roma Lazio,2021-01-08 12:16:06,1347517434538897413,
1134090080681963520,politiche sociali,2021-01-08 12:16:07,1347517437147832320,
1256896902,Biella,2021-01-08 12:16:07,1347517438221578241,
940235826151161856,Sant'Antonio Abate Campania,2021-01-08 12:16:08,1347517443007254530,
291252019,Arezzo,2021-01-08 12:16:10,1347517450196291592,
416157197,Palermo,2021-01-08 12:16:27,1347517523739242496,
966810505066287104,Prato ToscanaüáÆüáπ,2021-01-08 12:16:28,1347517528004849675,
17844234,Milano,2021-01-08 12:16:56,1347517644715520001,
709310281,Milano,2021-01-08 12:17:00,1347517659030695937,
51784767,Costigliole d'Asti,2021-01-08 12:17:17,1347517730367397888,
558670569,Tivoli RM Italia,2021-01-08 12:17:26,1347517769764528130,
540261221,Bologna,2021-01-08 12:17:27,1347517771719045121,
752083818752909313,Reggello Toscana,2021-01-08 12:17:32,1347517795643371520,
420987413,Roma,2021-01-08 12:17:34,1347517803109232640,
1236533563,Ragusa,2021-01-08 12:18:02,1347517922030149638,
34941161,45.2081039.243113,2021-01-08 12:18:13,1347517967773347840,
868794661913100288,Bologna Emilia Romagna,2021-01-08 12:18:20,1347517994595971072,
291252019,Arezzo,2021-01-08 12:18:21,1347517998035316737,
32910656,Frankfurt Am Main,2021-01-08 12:18:22,1347518002154131456,
330349571,Roma,2021-01-08 12:18:27,1347518023557591040,
238082907,Italia-Puglia-Salento,2021-01-08 12:18:53,1347518132588474369,
1134208627055706112,Roma Lazio,2021-01-08 12:19:00,1347518165346103299,
495062434,Milano,2021-01-08 12:19:17,1347518233595813894,
291252019,Arezzo,2021-01-08 12:19:19,1347518241208467456,
180076819,Salerno Campania,2021-01-08 12:19:19,1347518242210930696,
2525213951,Brescia Lombardia,2021-01-08 12:19:21,1347518251274743808,
1014249414599340032,Europa EU,2021-01-08 12:19:39,1347518328009580545,
1077607971931209729,Viterbo Lazio,2021-01-08 12:19:45,1347518350180675587,
4081014161,they/them,2021-01-08 12:19:46,1347518354706341891,
1039251322317557761,Roma Lazio,2021-01-08 12:19:58,1347518406736621568,
291252019,Arezzo,2021-01-08 12:20:08,1347518448541331462,
325127006,Campania Italia,2021-01-08 12:20:10,1347518456447565824,
610972828,Milano Lombardia,2021-01-08 12:20:17,1347518487338606593,
1016236811667075073,Roma UE,2021-01-08 12:20:18,1347518491528736768,
103015837,Gorizia - Italy,2021-01-08 12:20:20,1347518498092814337,
133297534,Torino,2021-01-08 12:20:23,1347518512147935232,
5869132,Spilimbergo Friuli-Venezia Giulia,2021-01-08 12:20:25,1347518519513116674,
703490936446328832,Santa Maria Ho√®,2021-01-08 12:20:29,1347518536600547330,
803330833214017536,Roma Lazio,2021-01-08 12:20:33,1347518553071767552,
